"Name","Internal name","Type","Description","Group name","Form field","Options","Read only value","Read only definition","Calculated","External options","Deleted","HubSpot defined","Created user","Created date","Usages","Fill rate","data_entry_instructions","option_descriptions"
"Average Pageviews","hs_analytics_average_page_views","number","Average number of pageviews per session for this contact. Set automatically.","analyticsinformation","false","","true","true","false","false","false","true","HubSpot","Not applicable","","100%","",""
"First Referring Site","hs_analytics_first_referrer","string","URL that referred the contact to your website. Set automatically.","analyticsinformation","false","","true","true","false","false","false","true","HubSpot","Not applicable","","4.38%","",""
"Time First Seen","hs_analytics_first_timestamp","datetime","First time the contact has been seen. Set automatically.","analyticsinformation","false","","true","true","false","false","false","true","HubSpot","Not applicable","","100%","",""
"First Touch Converting Campaign","hs_analytics_first_touch_converting_campaign","string","Campaign responsible for the first touch creation of this contact.","analyticsinformation","false","","true","true","false","true","false","true","HubSpot","Not applicable","","0%","",""
"First Page Seen","hs_analytics_first_url","string","First page the contact visited on your website. Set automatically.","analyticsinformation","false","","true","true","false","false","false","true","HubSpot","Not applicable","","20.84%","",""
"Time of First Session","hs_analytics_first_visit_timestamp","datetime","First time the contact visited your website. Set automatically.","analyticsinformation","false","","true","true","false","false","false","true","HubSpot","Not applicable","","20.84%","",""
"Last Referring Site","hs_analytics_last_referrer","string","Last URL that referred contact to your website. Set automatically.","analyticsinformation","false","","true","true","false","false","false","true","HubSpot","Not applicable","","8.09%","",""
"Time Last Seen","hs_analytics_last_timestamp","datetime","Timestamp for most recent webpage view on your website.","analyticsinformation","false","","true","true","false","false","false","true","HubSpot","Not applicable","","20.84%","",""
"Last Touch Converting Campaign","hs_analytics_last_touch_converting_campaign","string","Campaign responsible for the last touch creation of this contact.","analyticsinformation","false","","true","true","false","true","false","true","HubSpot","Not applicable","","0.01%","",""
"Last Page Seen","hs_analytics_last_url","string","Last page the contact visited on your website. Set automatically.","analyticsinformation","false","","true","true","false","false","false","true","HubSpot","Not applicable","","20.84%","",""
"Time of Last Session","hs_analytics_last_visit_timestamp","datetime","Timestamp for start of the most recent session for this contact to your website.","analyticsinformation","false","","true","true","false","false","false","true","HubSpot","Not applicable","","20.84%","",""
"Number of event completions","hs_analytics_num_event_completions","number","Total number of events for this contact. Set automatically.","analyticsinformation","false","","true","true","false","false","false","true","HubSpot","Not applicable","","100%","",""
"Number of Pageviews","hs_analytics_num_page_views","number","Total number of page views this contact has had on your website. Set automatically.","analyticsinformation","false","","true","true","false","false","false","true","HubSpot","Not applicable","","100%","",""
"Number of Sessions","hs_analytics_num_visits","number","Number of times a contact has come to your website. Set automatically.","analyticsinformation","false","","true","true","false","false","false","true","HubSpot","Not applicable","","100%","",""
"Event Revenue","hs_analytics_revenue","number","Set event revenue on a contact though the Enterprise Events feature. http://help.hubspot.com/articles/KCS_Article/Reports/How-do-I-create-Events-in-HubSpot","analyticsinformation","false","","true","true","false","false","false","true","HubSpot","Not applicable","","100%","",""
"Original Traffic Source","hs_analytics_source","enumeration","First known source the contact used to find your website. Set automatically, but may be updated manually.","analyticsinformation","false","Organic Search (ORGANIC_SEARCH); Paid Search (PAID_SEARCH); Email Marketing (EMAIL_MARKETING); Organic Social (SOCIAL_MEDIA); Referrals (REFERRALS); Other Campaigns (OTHER_CAMPAIGNS); Direct Traffic (DIRECT_TRAFFIC); Offline Sources (OFFLINE); Paid Social (PAID_SOCIAL); AI Referrals (AI_REFERRALS)","false","true","false","false","false","true","HubSpot","Not applicable","","100%","",""
"Original Traffic Source Drill-Down 1","hs_analytics_source_data_1","string","Additional information about the source the contact used to find your website. Set automatically.","analyticsinformation","false","","true","true","false","false","false","true","HubSpot","Not applicable","","99.44%","",""
"Original Traffic Source Drill-Down 2","hs_analytics_source_data_2","string","Additional information about the source the contact used to find your website. Set automatically.","analyticsinformation","false","","true","true","false","false","false","true","HubSpot","Not applicable","","93.25%","",""
"Latest Traffic Source","hs_latest_source","enumeration","The source of the latest session for a contact","analyticsinformation","false","Organic Search (ORGANIC_SEARCH); Paid Search (PAID_SEARCH); Email Marketing (EMAIL_MARKETING); Organic Social (SOCIAL_MEDIA); Referrals (REFERRALS); Other Campaigns (OTHER_CAMPAIGNS); Direct Traffic (DIRECT_TRAFFIC); Offline Sources (OFFLINE); Paid Social (PAID_SOCIAL); AI Referrals (AI_REFERRALS)","false","true","false","false","false","true","HubSpot","Not applicable","","100%","",""
"Latest Traffic Source Drill-Down 1","hs_latest_source_data_1","string","Additional information about the latest source for the last session the contact used to find your website. Set automatically.","analyticsinformation","false","","true","true","false","false","false","true","HubSpot","Not applicable","","100%","",""
"Latest Traffic Source Drill-Down 2","hs_latest_source_data_2","string","Additional information about the source for the last session the contact used to find your website. Set automatically.","analyticsinformation","false","","true","true","false","false","false","true","HubSpot","Not applicable","","89.66%","",""
"Latest Traffic Source Date","hs_latest_source_timestamp","datetime","The time of the latest session for a contact","analyticsinformation","false","","false","true","false","false","false","true","HubSpot","Not applicable","","100%","",""
"Currently in workflow (discontinued)","currentlyinworkflow","enumeration","True when contact is enrolled in a workflow.","contact_activity","false","True (true); False (false)","true","true","false","false","false","true","HubSpot","Not applicable","","47.44%","",""
"Date of last meeting booked in meetings tool","engagements_last_meeting_booked","datetime","The date of the last meeting that has been scheduled by a contact through the meetings tool. If multiple meetings have been scheduled, the date of the last chronological meeting in the timeline is shown.","contact_activity","false","","true","true","false","false","false","true","HubSpot","Not applicable","","0%","",""
"Campaign of last booking in meetings tool","engagements_last_meeting_booked_campaign","string","UTM parameter for marketing campaign (e.g. a specific email) responsible for recent meeting booking. Only populated when tracking parameters are included in meeting link.","contact_activity","false","","true","true","false","false","false","true","HubSpot","Not applicable","","0%","",""
"Medium of last booking in meetings tool","engagements_last_meeting_booked_medium","string","UTM parameter for the channel (e.g. email)  responsible for most recent meeting booking. Only populated when tracking parameters are included in meeting link.","contact_activity","false","","true","true","false","false","false","true","HubSpot","Not applicable","","0%","",""
"Source of last booking in meetings tool","engagements_last_meeting_booked_source","string","UTM parameter for the site (e.g. Twitter) responsible for most recent meeting booking. Only populated when tracking parameters are included in meeting link.","contact_activity","false","","true","true","false","false","false","true","HubSpot","Not applicable","","0%","",""
"First Conversion Date","first_conversion_date","datetime","Date  this  contact  first  submitted  a  form.","contact_activity","false","","true","true","true","false","false","true","HubSpot","Not applicable","","13.87%","",""
"First Conversion","first_conversion_event_name","string","First form this contact submitted.","contact_activity","false","","true","true","true","false","false","true","HubSpot","Not applicable","","13.87%","",""
"Membership Notes","hs_content_membership_notes","string","Notes relating to the contact's content membership.","contact_activity","false","","false","true","false","false","false","true","HubSpot","Not applicable","","8.08%","",""
"Status","hs_content_membership_status","enumeration","Status of the contact's content membership.","contact_activity","false","Active (active) [READ-ONLY]; Inactive (inactive) [READ-ONLY]","false","true","false","false","false","true","HubSpot","Not applicable","","0%","",""
"Last CES survey date","hs_feedback_last_ces_survey_date","datetime","The time that this contact last submitted a CES survey response.","contact_activity","false","","true","true","false","false","false","true","HubSpot","Not applicable","","0%","",""
"Last CES survey comment","hs_feedback_last_ces_survey_follow_up","string","Last CES survey comment from this contact.","contact_activity","false","","true","true","false","false","false","true","HubSpot","Not applicable","","0%","",""
"Last CES survey rating","hs_feedback_last_ces_survey_rating","number","Last CES survey rating from this contact.","contact_activity","false","","true","true","false","false","false","true","HubSpot","Not applicable","","0%","",""
"Last NPS survey comment","hs_feedback_last_nps_follow_up","string","Last NPS survey comment that this contact gave","contact_activity","false","","true","true","false","false","false","true","HubSpot","Not applicable","","0%","",""
"Last NPS survey rating (deprecated)","hs_feedback_last_nps_rating","enumeration","This property has been deprecated. Please use Latest NPS survey rating","contact_activity","false","0; 1; 2; 3; 4; 5; 6; 7; 8; 9; 10","true","true","false","false","false","true","HubSpot","Not applicable","","0%","",""
"Last NPS survey date","hs_feedback_last_survey_date","datetime","The time that this contact last submitted a NPS survey response. This is automatically set by HubSpot.","contact_activity","false","","true","true","false","false","false","true","HubSpot","Not applicable","","0%","",""
"Last Engagement Date","hs_last_sales_activity_timestamp","datetime","The last time a contact engaged with your site or a form, document, meetings link, or tracked email. This doesn't include marketing emails or emails to multiple contacts.","contact_activity","false","","true","true","false","false","false","true","HubSpot","Not applicable","Views (2)","13.09%","",""
"Likelihood to close","hs_predictivecontactscore_v2","number","The probability that a contact will become a customer within the next 90 days. This score is based on standard contact properties and behavior.","contact_activity","false","","true","true","false","false","false","true","HubSpot","Not applicable","","99.97%","",""
"Contact priority","hs_predictivescoringtier","enumeration","A ranking system of contacts evenly assigned into four tiers. Contacts in tier one are more likely to become customers than contacts in tier four.","contact_activity","false","Very High (tier_1); High (tier_2); Medium (tier_3); Low (tier_4); Closed Won (closed_won)","true","true","false","false","false","true","HubSpot","Not applicable","","100%","",""
"Recent Sales Email Clicked Date","hs_sales_email_last_clicked","datetime","The last time a tracked sales email was clicked by this user","contact_activity","false","","true","true","false","false","false","true","HubSpot","Not applicable","","1.7%","",""
"Recent Sales Email Opened Date","hs_sales_email_last_opened","datetime","The last time a tracked sales email was opened by this contact. This property does not update for emails that were sent to more than one contact.","contact_activity","false","","true","true","false","false","false","true","HubSpot","Not applicable","","8.58%","",""
"Recent Sales Email Replied Date","hs_sales_email_last_replied","datetime","The most recent email from this contact that was received and logged by HubSpot. This value is automatically set by HubSpot and may not be modified.","contact_activity","false","","true","true","false","false","false","true","HubSpot","Not applicable","","25.59%","",""
"Currently in Sequence","hs_sequences_is_enrolled","bool","A yes/no field that indicates whether the contact is currently in a Sequence.","contact_activity","false","True (true); False (false)","true","true","true","false","false","true","HubSpot","Not applicable","","0%","",""
"Message","message","string","A default property to be used for any message or comments a contact may want to leave on a form.","contact_activity","true","","false","true","false","false","false","true","HubSpot","Not applicable","Forms (9); Workflows (1)","1.8%","",""
"Last Contacted","notes_last_contacted","datetime","The last time a call, chat conversation, LinkedIn message, postal mail, meeting, sales email, SMS, or WhatsApp message was logged for a contact. This is set automatically by HubSpot based on user actions in the contact record.","contact_activity","false","","true","true","false","false","false","true","HubSpot","Not applicable","","34.78%","",""
"Last Activity Date","notes_last_updated","datetime","The last time a call, chat conversation, LinkedIn message, postal mail, meeting, note, sales email, SMS, or WhatsApp message was logged for a contact. This is set automatically by HubSpot based on user actions in the contact record.","contact_activity","false","","true","true","false","false","false","true","HubSpot","Not applicable","Lists (1); Workflows (1); Views (24)","35.7%","",""
"Next Activity Date","notes_next_activity_date","datetime","The date of the next upcoming activity for a contact. This is set automatically by HubSpot based on user actions in the contact record.","contact_activity","false","","true","true","false","false","false","true","HubSpot","Not applicable","","0.53%","",""
"Number of times contacted","num_contacted_notes","number","The number of times a call, chat conversation, LinkedIn message, postal mail, meeting, sales email, SMS, or WhatsApp message was logged for a contact record. This is set automatically by HubSpot based on user actions in the contact record.","contact_activity","false","","true","true","false","false","false","true","HubSpot","Not applicable","Views (6)","35.82%","",""
"Number of Sales Activities","num_notes","number","The number of times a call, chat conversation, LinkedIn message, postal mail, meeting, note, sales email, SMS, task, or WhatsApp message was logged for a contact record. This is set automatically by HubSpot based on user actions in the contact record.","contact_activity","false","","true","true","false","false","false","true","HubSpot","Not applicable","","62.47%","",""
"Street Address","address","string","Contact's street address, including apartment or unit number.","contactinformation","true","","false","true","false","false","false","true","HubSpot","Not applicable","Forms (4); Create record forms (1); Property cards (1)","31.55%","",""
"Address 2","address_2","string","","contactinformation","true","","false","false","false","false","false","false","Simon James","2/24/21","","18.53%","",""
"Annual Revenue","annualrevenue","string","Annual company revenue","contactinformation","true","","false","false","false","false","false","true","HubSpot","Not applicable","","0%","",""
"Any FIREFLY™ Projects past or present involved in","any_firefly__projects_past_or_present_involved_in","string","","contactinformation","true","","false","false","false","false","false","false","Ollie Bradley","5/31/23","Forms (1)","3.01%","",""
"ASFP Membership","asfp_membership","string","ASFP Membership","contactinformation","true","","false","false","false","true","false","false","Chris Boam","12/15/23","Forms (2)","0%","",""
"Browser","browser","enumeration","","contactinformation","true","Chrome; Safari; Edge; Others","false","false","false","false","false","false","Jason Steer","2/3/25","","1.67%","",""
"CAD log in","cad_log_in","enumeration","","contactinformation","true","Yes (true); No (false)","false","false","false","false","false","false","Unknown user","7/1/22","Create record forms (1); Property cards (1)","0.58%","",""
"Calculator Used","calculator_used","enumeration","","contactinformation","true","/Phoenix-Horizontal-Calc; /Apollo-Zeus-Horizontal-Calc; https://tbafirefly.outgrow.us","false","false","false","false","false","false","Jason Steer","11/18/24","","4.38%","",""
"CHOOSE PRODUCT","choose_product","enumeration","","contactinformation","true","Zeus Lite 90:30; Apollo Lite 30:30; Not Answered; Titan Horizontal; Phoenix; 5; 6; 4; 60; 1; 50; 30","false","false","false","false","false","false","Jason Steer","2/3/25","","2.47%","",""
"City","city","string","A contact's city of residence","contactinformation","true","","false","true","false","false","false","true","HubSpot","Not applicable","Forms (4); Lists (1); Reports (1); Views (4); Property cards (1)","33.07%","",""
"Company Name","company","string","Name of the contact's company. This can be set independently from the name property on the contact's associated company.","contactinformation","true","","false","true","false","false","false","true","HubSpot","Not applicable","Forms (15); Workflows (4); Create record forms (1); Reports (1); Views (26); Property cards (1)","92.76%","",""
"Customer Type","contact_type","enumeration","","contactinformation","true","Stockist; Installer; TBA Employee; Contractor; Specifier; Specialist; Client/End user; Misc; FOTHERSHIELD","false","false","false","false","false","false","Unknown user","7/1/22","Lists (12); Workflows (3); Reports (5); Views (27); Property cards (1)","35.53%","",""
"Country/Region","country","string","The contact's country/region of residence. This might be set via import, form, or integration.","contactinformation","true","","false","false","false","false","false","true","HubSpot","Not applicable","Forms (4); Lists (1); Views (12); Property cards (1)","39.99%","",""
"County","county","string","","contactinformation","true","","false","false","false","false","false","false","Simon James","2/24/21","Forms (4); Create record forms (1); Views (12); Property cards (1)","23.49%","",""
"CPD Type","cpd_type","enumeration","","contactinformation","true","In person","false","false","false","false","false","false","Jason Steer","11/4/24","","0%","",""
"CPD Y/N","cpd_y_n","enumeration","","contactinformation","true","Yes (true); No (false)","false","false","false","false","false","false","Unknown user","7/1/22","Create record forms (1); Property cards (1)","1.91%","",""
"Create Date","createdate","datetime","The date that a contact entered the system","contactinformation","false","","true","true","false","false","false","true","HubSpot","Not applicable","Lists (1); Workflows (1); Reports (21); Views (31); Dashboards (1)","100%","",""
"Customer Type [Simon]","customer_type","enumeration","Customer Type - stockist, installer, specifier etc","contactinformation","true","Architect [HIDDEN]; Stockist [HIDDEN]; Distributor - Non-stockist [HIDDEN]; Preferred Installer [HIDDEN]; Installer [HIDDEN]; Project Manager, Designer, QS, Engineer","false","false","false","false","false","false","Simon James","4/23/21","Views (2)","0.22%","",""
"Customer Sub Type","customer_type_","enumeration","","contactinformation","true","Stockist - Stockist; Stockist - Distributor; Stockist - Merchant; Installer - Preferred; Installer - Registered; Installer - Direct; Installer - Indirect; Contractor - Main Contractor; Contractor - M & E; Contractor - Building Contractor; Contractor - Building Engineer; Specifier - Architects (all levels); Specifier - QS & BS; Specifier - Property Consultants; Specialists - Fire Engineers; Specialists - Consultants; Specialists - Inspectors; Speicalists - Assessors; Specialists - FireService; Specialists - H&S Advisors; Specalists - Building Control; Clients - Social Housing; Clients - Local Authorities (Clients - Las); Clients - Health; Clients - Education; Clients - Other; Misc - Suppliers/Partners; Misc - Exhibition Visitors; Misc - Prospects/Unknowns; FOTHERSHIELD ACCOUNT; FOTHERSHIELD PROSPECT","false","false","false","false","false","false","Unknown user","7/1/22","Lists (4); Workflows (4); Views (26); Property cards (1)","34.39%","",""
"CV","cv","string","","contactinformation","true","","false","false","false","true","false","false","Unknown user","7/1/22","Forms (1)","0%","",""
"Device Type","device_type","enumeration","","contactinformation","true","mobile; desktop; Not Applicable","false","false","false","false","false","false","Jason Steer","11/18/24","","2.11%","",""
"Email","email","string","A contact's email address","contactinformation","true","","false","true","false","false","false","true","HubSpot","Not applicable","Forms (54); Lists (8); Workflows (1); Create record forms (1); Emails (2); Reports (4); Views (26); Property cards (1)","99.76%","",""
"Enquiry Type","enquiry_type","enumeration","","contactinformation","true","Become an Installer; Pricing Enquiries; Careers; Technical Enquiries; Stock Availability","false","false","false","false","false","false","Unknown user","7/1/22","Forms (1); Workflows (1)","0%","",""
"Fax Number","fax","string","A contact's primary fax number","contactinformation","true","","false","true","false","false","false","true","HubSpot","Not applicable","","0.03%","",""
"Firefly Reports","firefly_reports","string","Firefly Survey's / Project registrations / Reports","contactinformation","true","","false","false","false","true","false","false","Chris Boam","12/15/23","Forms (2)","0%","",""
"First Name","firstname","string","A contact's first name","contactinformation","true","","false","true","false","false","false","true","HubSpot","Not applicable","Forms (47); Workflows (4); Create record forms (1); Emails (8); Reports (1); Views (8); Property cards (1)","80.2%","",""
"Fothergill Group Company","fothergill_group_company","enumeration","","contactinformation","true","TBA-PT / Fothershield; Fothergill Polycom","false","false","false","false","false","false","Jason Steer","9/23/24","","0.19%","",""
"Full Name","full_name","string","","contactinformation","true","","false","false","false","false","false","false","Jason Steer","9/9/24","","13.42%","",""
"Group Company","group_company","enumeration","","contactinformation","true","Fothershield","false","false","false","false","false","false","Jason Steer","5/16/24","","0.83%","",""
"Chat Assistant IQL Date","hs_chat_assistant_iql_date","datetime","Date that an automated chat assistant IQL was triggered based on chat intent","contactinformation","false","","false","false","false","false","false","true","HubSpot","Not applicable","","0%","",""
"Chat Assistant Source","hs_chat_assistant_source","enumeration","Which chat assistant the QL is being generated from","contactinformation","false","Customer Support (customer_support); Breeze (breeze)","false","false","false","false","false","true","HubSpot","Not applicable","","0%","",""
"Chat Assistant:Summary","hs_chat_assistant_summary","string","AI-generated rich summary of a chat conversation when a customer expresses buying intent or requests to speak with Sales. Used to populate the Support Assistant QL card in the BDR prospecting workspace. This is populated by our HighIntentQlTool.","contactinformation","false","","false","false","false","false","false","true","HubSpot","Not applicable","","0%","",""
"Enrichment opt out","hs_contact_enrichment_opt_out","bool","","contactinformation","false","Yes (true); No (false)","true","true","false","false","false","true","HubSpot","Not applicable","","0%","",""
"Enrichment opt out timestamp","hs_contact_enrichment_opt_out_timestamp","datetime","Timestamp of when the contact opted out of being included in the HubSpot Enrichment database","contactinformation","false","","true","true","false","false","false","true","HubSpot","Not applicable","","0%","",""
"Member email","hs_content_membership_email","string","Email used to send private content information to members","contactinformation","false","","false","true","false","false","false","true","HubSpot","Not applicable","","0%","",""
"Email Confirmed","hs_content_membership_email_confirmed","bool","Email Confirmation status of user of Content Membership","contactinformation","false","True (true); False (false)","true","true","false","false","false","true","HubSpot","Not applicable","","0%","",""
"Time enrolled in registration follow up emails","hs_content_membership_follow_up_enqueued_at","datetime","The time when the contact was first enrolled in the registration follow up email flow","contactinformation","false","","true","true","false","false","false","true","HubSpot","Not applicable","","0%","",""
"Registered At","hs_content_membership_registered_at","datetime","Datetime at which this user was set up for Content Membership","contactinformation","false","","true","true","false","false","false","true","HubSpot","Not applicable","","0%","",""
"Domain to which registration email was sent","hs_content_membership_registration_domain_sent_to","string","Domain to which the registration invitation email for Content Membership was sent to","contactinformation","false","","true","true","false","false","false","true","HubSpot","Not applicable","","0%","",""
"Time registration email was sent","hs_content_membership_registration_email_sent_at","datetime","Datetime at which this user was sent a registration invitation email for Content Membership","contactinformation","false","","true","true","false","false","false","true","HubSpot","Not applicable","","0%","",""
"Country/Region Code","hs_country_region_code","string","The contact's two-letter country code.","contactinformation","true","","false","false","false","false","false","true","HubSpot","Not applicable","","24.17%","",""
"Created by user ID","hs_created_by_user_id","number","The user who created this record. This value is set automatically by HubSpot.","contactinformation","false","","true","true","false","true","false","true","HubSpot","Not applicable","","81.82%","",""
"Current Customer","hs_current_customer","enumeration","Indicates whether this record matches the portal's Current Customer filter criteria. Managed automatically by Customer Success Workspace.","contactinformation","false","Yes (yes); No (no)","false","true","false","false","false","true","HubSpot","Not applicable","","11.06%","",""
"Currently Enrolled in Prospecting Agent","hs_currently_enrolled_in_prospecting_agent","bool","Indicates whether or not the contact has an active prospecting agent enrollment","contactinformation","false","Yes (true); No (false)","true","true","true","false","false","true","HubSpot","Not applicable","","68.17%","",""
"Email Domain","hs_email_domain","string","A contact's email address domain","contactinformation","false","","true","true","true","false","false","true","HubSpot","Not applicable","Lists (1)","99.76%","",""
"Last CSAT survey date","hs_feedback_last_csat_survey_date","datetime","The time that this contact last submitted a CSAT survey response. This is automatically set by HubSpot.","contactinformation","false","","true","true","false","false","false","true","HubSpot","Not applicable","","0%","",""
"Last CSAT survey comment","hs_feedback_last_csat_survey_follow_up","string","Last CSAT survey comment from this contact.","contactinformation","false","","true","true","false","false","false","true","HubSpot","Not applicable","","0%","",""
"Last CSAT survey rating","hs_feedback_last_csat_survey_rating","number","Last CSAT survey rating from this contact.","contactinformation","false","","true","true","false","false","false","true","HubSpot","Not applicable","","0%","",""
"Latest NPS survey rating","hs_feedback_last_nps_rating_number","number","Latest NPS survey rating that this contact gave","contactinformation","false","","true","true","false","false","false","true","HubSpot","Not applicable","","0%","",""
"ID of first engagement","hs_first_engagement_object_id","number","The object id of the current contact owner's first engagement with the contact.","contactinformation","false","","true","true","true","false","false","true","HubSpot","Not applicable","","18.96%","",""
"Inferred Language Codes","hs_inferred_language_codes","enumeration","Inferred languages based on location.  ISO 639-1","contactinformation","false","Abkhazian (ab); Afar (aa); Afrikaans (af); Akan (ak); Albanian (sq); Amharic (am); Arabic (ar); Aragonese (an); Armenian (hy); Assamese (as); Avaric (av); Avestan (ae); Aymara (ay); Azerbaijani (az); Bambara (bm); Bashkir (ba); Basque (eu); Belarusian (be); Bengali (bn); Bislama (bi); Bokmål, Norwegian; Norwegian Bokmål (nb); Bosnian (bs); Breton (br); Bulgarian (bg); Burmese (my); Catalan; Valencian (ca); Central Khmer (km); Chamorro (ch); Chechen (ce); Chichewa; Chewa; Nyanja (ny); Chinese (zh); Church Slavic; Old Slavonic; Church Slavonic; Old Bulgarian; Old Church Slavonic (cu); Chuvash (cv); Cornish (kw); Corsican (co); Cree (cr); Croatian (hr); Czech (cs); Danish (da); Divehi; Dhivehi; Maldivian (dv); Dutch; Flemish (nl); Dzongkha (dz); English (en); Esperanto (eo); Estonian (et); Ewe (ee); Faroese (fo); Fijian (fj); Finnish (fi); French (fr); Fulah (ff); Gaelic; Scottish Gaelic (gd); Galician (gl); Ganda (lg); Georgian (ka); German (de); Greek, Modern (1453-) (el); Guarani (gn); Gujarati (gu); Haitian; Haitian Creole (ht); Hausa (ha); Hebrew (he); Herero (hz); Hindi (hi); Hiri Motu (ho); Hungarian (hu); Icelandic (is); Ido (io); Igbo (ig); Indonesian (id); Interlingua (International Auxiliary Language Association) (ia); Interlingue; Occidental (ie); Inuktitut (iu); Inupiaq (ik); Irish (ga); Italian (it); Japanese (ja); Javanese (jv); Kalaallisut; Greenlandic (kl); Kannada (kn); Kanuri (kr); Kashmiri (ks); Kazakh (kk); Kikuyu; Gikuyu (ki); Kinyarwanda (rw); Kirghiz; Kyrgyz (ky); Komi (kv); Kongo (kg); Korean (ko); Kuanyama; Kwanyama (kj); Kurdish (ku); Lao (lo); Latin (la); Latvian (lv); Limburgan; Limburger; Limburgish (li); Lingala (ln); Lithuanian (lt); Luba-Katanga (lu); Luxembourgish; Letzeburgesch (lb); Macedonian (mk); Malagasy (mg); Malay (macrolanguage) (ms); Malayalam (ml); Maltese (mt); Manx (gv); Maori (mi); Marathi (mr); Marshallese (mh); Mongolian (mn); Nauru (na); Navajo; Navaho (nv); Ndebele, North; North Ndebele (nd); Ndebele, South; South Ndebele (nr); Ndonga (ng); Nepali (macrolanguage) (ne); Northern Sami (se); Norwegian Nynorsk; Nynorsk, Norwegian (nn); Norwegian (no); Occitan (post 1500) (oc); Ojibwa (oj); Oriya (macrolanguage) (or); Oromo (om); Ossetian; Ossetic (os); Pali (pi); Panjabi; Punjabi (pa); Persian (fa); Polish (pl); Portuguese (pt); Pushto; Pashto (ps); Quechua (qu); Romanian; Moldavian; Moldovan (ro); Romansh (rm); Rundi (rn); Russian (ru); Samoan (sm); Sango (sg); Sanskrit (sa); Sardinian (sc); Serbian (sr); Shona (sn); Sichuan Yi; Nuosu (ii); Sindhi (sd); Sinhala; Sinhalese (si); Slovak (sk); Slovenian (sl); Somali (so); Sotho, Southern (st); Spanish; Castilian (es); Sundanese (su); Swahili (macrolanguage) (sw); Swati (ss); Swedish (sv); Tagalog (tl); Tahitian (ty); Tajik (tg); Tamil (ta); Tatar (tt); Telugu (te); Thai (th); Tibetan (bo); Tigrinya (ti); Tonga (Tonga Islands) (to); Tsonga (ts); Tswana (tn); Turkish (tr); Turkmen (tk); Twi (tw); Uighur; Uyghur (ug); Ukrainian (uk); Urdu (ur); Uzbek (uz); Venda (ve); Vietnamese (vi); Volapük (vo); Walloon (wa); Welsh (cy); Western Frisian (fy); Wolof (wo); Xhosa (xh); Yiddish (yi); Yoruba (yo); Zhuang; Chuang (za); Zulu (zu)","false","false","false","false","false","true","HubSpot","Not applicable","","0%","",""
"Intent Signals active","hs_intent_signals_enabled","bool","Indicates whether intent signal tracking is currently active for this record","contactinformation","false","Yes (true); No (false)","true","false","false","false","false","true","HubSpot","Not applicable","","0%","",""
"Has been enriched","hs_is_enriched","bool","Indicates whether this object has ever had enriched properties written to it.","contactinformation","false","Yes (true); No (false)","true","true","false","false","false","true","HubSpot","Not applicable","","28.01%","",""
"Preferred language","hs_language","enumeration","Set your contact's preferred language for communications. This property can be changed from an import, form, or integration.","contactinformation","true","Afar (aa) [READ-ONLY]; Abkhazian (ab) [READ-ONLY]; Afrikaans (af) [READ-ONLY]; Akan (ak) [READ-ONLY]; Albanian (sq) [READ-ONLY]; Albanian - Albania (sq-al) [READ-ONLY]; Amharic (am) [READ-ONLY]; Arabic (ar) [READ-ONLY]; Arabic - Algeria (ar-dz) [READ-ONLY]; Arabic - Bahrain (ar-bh) [READ-ONLY]; Arabic - Egypt (ar-eg) [READ-ONLY]; Arabic - Iraq (ar-iq) [READ-ONLY]; Arabic - Jordan (ar-jo) [READ-ONLY]; Arabic - Kuwait (ar-kw) [READ-ONLY]; Arabic - Lebanon (ar-lb) [READ-ONLY]; Arabic - Libya (ar-ly) [READ-ONLY]; Arabic - Morocco (ar-ma) [READ-ONLY]; Arabic - Oman (ar-om) [READ-ONLY]; Arabic - Qatar (ar-qa) [READ-ONLY]; Arabic - Saudi Arabia (ar-sa) [READ-ONLY]; Arabic - Sudan (ar-sd) [READ-ONLY]; Arabic - Syria (ar-sy) [READ-ONLY]; Arabic - Tunisia (ar-tn) [READ-ONLY]; Arabic - United Arab Emirates (ar-ae) [READ-ONLY]; Arabic - Yemen (ar-ye) [READ-ONLY]; Aragonese (an) [READ-ONLY]; Armenian (hy) [READ-ONLY]; Assamese (as) [READ-ONLY]; Avaric (av) [READ-ONLY]; Avestan (ae) [READ-ONLY]; Aymara (ay) [READ-ONLY]; Azerbaijani (az) [READ-ONLY]; Bambara (bm) [READ-ONLY]; Bosnian (ba); Basque (eu) [READ-ONLY]; Belarusian (be) [READ-ONLY]; Belarusian - Belarus (be-by) [READ-ONLY]; Bengali (bn) [READ-ONLY]; Bislama (bi) [READ-ONLY]; Breton (br) [READ-ONLY]; Bulgarian (bg) [READ-ONLY]; Bulgarian - Bulgaria (bg-bg) [READ-ONLY]; Burmese (my) [READ-ONLY]; Burmese - Myanmar (Burma) (my-mm) [READ-ONLY]; Catalan (ca) [READ-ONLY]; Catalan - Catalan (ca-es) [READ-ONLY]; Cebuano - Philippines (cb-pl); Chamorro (ch) [READ-ONLY]; Chechen (ce) [READ-ONLY]; Chinese (zh) [READ-ONLY]; Chinese - China (zh-cn) [READ-ONLY]; Chinese - Hong Kong SAR (zh-hk) [READ-ONLY]; Chinese - Macau SAR (zh-mo) [READ-ONLY]; Chinese - Singapore (zh-sg) [READ-ONLY]; Chinese - Taiwan (zh-tw) [READ-ONLY]; Chinese (Simplified) (zh-chs) [READ-ONLY]; Chinese (Traditional) (zh-cht) [READ-ONLY]; Church Slavic (cu) [READ-ONLY]; Chuvash (cv) [READ-ONLY]; Cornish (kw) [READ-ONLY]; Corsican (co) [READ-ONLY]; Cree (cr) [READ-ONLY]; Croatian (hr) [READ-ONLY]; Croatian - Croatia (hr-hr) [READ-ONLY]; Czech (cs) [READ-ONLY]; Czech - Czech Republic (cs-cz) [READ-ONLY]; Danish (da) [READ-ONLY]; Danish - Denmark (da-dk) [READ-ONLY]; Divehi (dv) [READ-ONLY]; Dutch (nl) [READ-ONLY]; Dutch - Belgium (nl-be) [READ-ONLY]; Dutch - The Netherlands (nl-nl) [READ-ONLY]; Dzongkha (dz) [READ-ONLY]; English (en) [READ-ONLY]; English - Australia (en-au) [READ-ONLY]; English - Canada (en-ca) [READ-ONLY]; English - Hong Kong (en-hk) [READ-ONLY]; English - India (en-in) [READ-ONLY]; English - Ireland (en-ie) [READ-ONLY]; English - Malaysia (en-my) [READ-ONLY]; English - Malta (en-mt) [READ-ONLY]; English - New Zealand (en-nz) [READ-ONLY]; English - Philippines (en-ph) [READ-ONLY]; English - Singapore (en-sg) [READ-ONLY]; English - South Africa (en-za) [READ-ONLY]; English - United Kingdom (en-gb) [READ-ONLY]; English - United States (en-us) [READ-ONLY]; English - Zimbabwe (en-zw) [READ-ONLY]; Esperanto (eo) [READ-ONLY]; Estonian (et) [READ-ONLY]; Estonian - Estonia (et-ee) [READ-ONLY]; Ewe (ee) [READ-ONLY]; Faroese (fo) [READ-ONLY]; Farsi (fa) [READ-ONLY]; Fijian (fj) [READ-ONLY]; Finnish (fi) [READ-ONLY]; Finnish - Finland (fi-fi) [READ-ONLY]; French (fr) [READ-ONLY]; French - Belgium (fr-be) [READ-ONLY]; French - Canada (fr-ca) [READ-ONLY]; French - France (fr-fr) [READ-ONLY]; French - Luxembourg (fr-lu) [READ-ONLY]; French - Monaco (fr-mc) [READ-ONLY]; French - Switzerland (fr-ch) [READ-ONLY]; Fulah (ff) [READ-ONLY]; Galician (gl) [READ-ONLY]; Ganda (lg) [READ-ONLY]; Georgian (ka) [READ-ONLY]; German (de) [READ-ONLY]; German - Austria (de-at) [READ-ONLY]; German - Germany (de-de) [READ-ONLY]; German - Greece (de-gr) [READ-ONLY]; German - Liechtenstein (de-li) [READ-ONLY]; German - Luxembourg (de-lu) [READ-ONLY]; German - Switzerland (de-ch) [READ-ONLY]; Greek (el) [READ-ONLY]; Greek - Cyprus (el-cy) [READ-ONLY]; Greek - Greece (el-gr) [READ-ONLY]; Guarani (gn) [READ-ONLY]; Gujarati (gu) [READ-ONLY]; Haitian Creole (ht); Hausa (ha); Hebrew (he) [READ-ONLY]; Hebrew - Israel (he-il); Hebrew - Israel (Legacy) (iw-il) [READ-ONLY]; Herero (hz) [READ-ONLY]; Hindi (hi) [READ-ONLY]; Hindi - India (hi-in) [READ-ONLY]; Hiri Motu (ho) [READ-ONLY]; Hmong (hmn) [READ-ONLY]; Hungarian (hu) [READ-ONLY]; Hungarian - Hungary (hu-hu) [READ-ONLY]; Icelandic (is) [READ-ONLY]; Icelandic - Iceland (is-is) [READ-ONLY]; Ido (io) [READ-ONLY]; Igbo (ig) [READ-ONLY]; Indonesian (id) [READ-ONLY]; Indonesian - Indonesia (in-id) [READ-ONLY]; Interlingua (ia) [READ-ONLY]; Interlingue (ie) [READ-ONLY]; Inuktitut (iu) [READ-ONLY]; Inupiaq (ik) [READ-ONLY]; Irish (ga) [READ-ONLY]; Irish - Ireland (ga-ie) [READ-ONLY]; Italian (it) [READ-ONLY]; Italian - Italy (it-it) [READ-ONLY]; Italian - Switzerland (it-ch) [READ-ONLY]; Japanese (ja) [READ-ONLY]; Japanese - Japan (ja-jp) [READ-ONLY]; Javanese (jv) [READ-ONLY]; Kalaallisut (kl) [READ-ONLY]; Kannada (kn) [READ-ONLY]; Kanuri (kr) [READ-ONLY]; Karen (kar) [READ-ONLY]; Kashmiri (ks) [READ-ONLY]; Kazakh (kk) [READ-ONLY]; Khmer (kh); Kikuyu (ki) [READ-ONLY]; Kinyarwanda (rw); Komi (kv) [READ-ONLY]; Kongo (kg) [READ-ONLY]; Konkani (kok) [READ-ONLY]; Korean (ko) [READ-ONLY]; Korean - South Korea (ko-kr) [READ-ONLY]; Kuanyama (kj) [READ-ONLY]; Kurdish (ku); Kyrgyz (ky) [READ-ONLY]; Lao (lo); Latin (la) [READ-ONLY]; Latvian (lv) [READ-ONLY]; Latvian - Latvia (lv-lv) [READ-ONLY]; Limburgish (li) [READ-ONLY]; Lingala (ln) [READ-ONLY]; Lithuanian (lt) [READ-ONLY]; Lithuanian - Lithuania (lt-lt) [READ-ONLY]; Luba-Katanga (lu) [READ-ONLY]; Luxembourgish (lb) [READ-ONLY]; Macedonian (mk) [READ-ONLY]; Macedonian - Macedonia (mk-mk) [READ-ONLY]; Malagasy (mg); Malay (ms) [READ-ONLY]; Malay - Brunei (ms-bn) [READ-ONLY]; Malay - Malaysia (ms-my) [READ-ONLY]; Malayalam (m1) [READ-ONLY]; Maltese (mt) [READ-ONLY]; Maltese - Malta (mt-mt) [READ-ONLY]; Manx (gv) [READ-ONLY]; Maori (mi) [READ-ONLY]; Marathi (mr) [READ-ONLY]; Marshallese (mh) [READ-ONLY]; Mongolian (mn) [READ-ONLY]; Nauru (na) [READ-ONLY]; Navajo (nv) [READ-ONLY]; Ndonga (ng) [READ-ONLY]; Nepali (ne) [READ-ONLY]; North Ndebele (nd) [READ-ONLY]; Northern Sami (se) [READ-ONLY]; Norwegian (no) [READ-ONLY]; Norwegian Bokmal (nb) [READ-ONLY]; Norwegian Nynorsk (nn) [READ-ONLY]; Norwegian - Norway (no-no) [READ-ONLY]; Nyanja (ny); Occitan (oc) [READ-ONLY]; Odia (or) [READ-ONLY]; Ojibwe (oj) [READ-ONLY]; Oromo (om) [READ-ONLY]; Ossetian (os) [READ-ONLY]; Pali (pi) [READ-ONLY]; Pashto (ps) [READ-ONLY]; Polish (pl) [READ-ONLY]; Polish - Poland (pl-pl) [READ-ONLY]; Portuguese (pt) [READ-ONLY]; Portuguese - Brazil (pt-br) [READ-ONLY]; Portuguese - Portugal (pt-pt) [READ-ONLY]; Punjabi (pa) [READ-ONLY]; Quechua (qu) [READ-ONLY]; Romanian (ro) [READ-ONLY]; Romanian - Romania (ro-ro) [READ-ONLY]; Romansh (rm) [READ-ONLY]; Rundi (rn) [READ-ONLY]; Russian (ru) [READ-ONLY]; Russian - Russia (ru-ru) [READ-ONLY]; Samoan (sm) [READ-ONLY]; Sango (sg) [READ-ONLY]; Sanskrit (sa) [READ-ONLY]; Sardinian (sc) [READ-ONLY]; Scottish Gaelic (gd) [READ-ONLY]; Serbian (sr) [READ-ONLY]; Serbian - Bosnia and Herzegovina (sr-ba) [READ-ONLY]; Serbian - Montenegro (sr-me) [READ-ONLY]; Serbian - Serbia (sr-rs) [READ-ONLY]; Serbian - Serbia and Montenegro (Former) (sr-cs) [READ-ONLY]; Shona (sn) [READ-ONLY]; Sichuan Yi (ii) [READ-ONLY]; Sindhi (sd) [READ-ONLY]; Sinhala (si); Slovak (sk) [READ-ONLY]; Slovak - Slovakia (sk-sk) [READ-ONLY]; Slovenian (sl) [READ-ONLY]; Slovenian - Slovenia (sl-si) [READ-ONLY]; Somali (so) [READ-ONLY]; South Ndebele (nr) [READ-ONLY]; Southern Sotho (st) [READ-ONLY]; Spanish (es) [READ-ONLY]; Spanish - Argentina (es-ar) [READ-ONLY]; Spanish - Bolivia (es-bo) [READ-ONLY]; Spanish - Chile (es-cl) [READ-ONLY]; Spanish - Colombia (es-co) [READ-ONLY]; Spanish - Costa Rica (es-cr) [READ-ONLY]; Spanish - Cuba (es-cu) [READ-ONLY]; Spanish - Dominican Republic (es-do) [READ-ONLY]; Spanish - Ecuador (es-ec) [READ-ONLY]; Spanish - El Salvador (es-sv) [READ-ONLY]; Spanish - Guatemala (es-gt) [READ-ONLY]; Spanish - Honduras (es-hn) [READ-ONLY]; Spanish - Mexico (es-mx) [READ-ONLY]; Spanish - Nicaragua (es-ni) [READ-ONLY]; Spanish - Panama (es-pa) [READ-ONLY]; Spanish - Paraguay (es-py) [READ-ONLY]; Spanish - Peru (es-pe) [READ-ONLY]; Spanish - Puerto Rico (es-pr) [READ-ONLY]; Spanish - Spain (es-es) [READ-ONLY]; Spanish - United States (es-us) [READ-ONLY]; Spanish - Uruguay (es-uy) [READ-ONLY]; Spanish - Venezuela (es-ve) [READ-ONLY]; Sundanese (su) [READ-ONLY]; Swahili (sw) [READ-ONLY]; Swati (ss) [READ-ONLY]; Swedish (sv) [READ-ONLY]; Swedish - Finland (sv-fi) [READ-ONLY]; Swedish - Sweden (sv-se) [READ-ONLY]; Syriac (sy) [READ-ONLY]; Tagalog (t1) [READ-ONLY]; Tahitian (ty) [READ-ONLY]; Tajik (tg) [READ-ONLY]; Tamil (ta) [READ-ONLY]; Tatar (tt) [READ-ONLY]; Telugu (te) [READ-ONLY]; Thai (th) [READ-ONLY]; Thai - Thailand (th-th) [READ-ONLY]; Tibetan (bo) [READ-ONLY]; Tigrinya (ti) [READ-ONLY]; Tongan (to) [READ-ONLY]; Tsonga (ts) [READ-ONLY]; Tswana (tn) [READ-ONLY]; Turkish (tr) [READ-ONLY]; Turkish - Türkiye (tr-tr) [READ-ONLY]; Turkmen (tk) [READ-ONLY]; Twi (tw) [READ-ONLY]; Ukrainian (uk) [READ-ONLY]; Ukrainian - Ukraine (uk-ua) [READ-ONLY]; Urdu (ur) [READ-ONLY]; Uyghur (ug) [READ-ONLY]; Uzbek (uz) [READ-ONLY]; Venda (ve) [READ-ONLY]; Vietnamese (vi) [READ-ONLY]; Vietnamese - Vietnam (vi-vn) [READ-ONLY]; Volapük (vo) [READ-ONLY]; Walloon (wa) [READ-ONLY]; Welsh (cy) [READ-ONLY]; Western Frisian (fy) [READ-ONLY]; Wolof (wo) [READ-ONLY]; Xhosa (xh) [READ-ONLY]; Yiddish (ji) [READ-ONLY]; Yoruba (yo); Zhuang (za) [READ-ONLY]; Zulu (zu) [READ-ONLY]; ʻŌlelo Hawaiʻi (haw)","false","true","false","false","false","true","HubSpot","Not applicable","","0.81%","",""
"Latest Disqualified Lead Date","hs_latest_disqualified_lead_date","datetime","The most recent time at which an associated lead currently in a disqualified stage was moved to that stage","contactinformation","false","","true","true","true","false","false","true","HubSpot","Not applicable","","0%","",""
"Latest Open Lead Date","hs_latest_open_lead_date","datetime","The most recent time an associated open lead was moved to a NEW or IN_PROGRESS state","contactinformation","false","","true","true","true","false","false","true","HubSpot","Not applicable","Workflows (1)","0%","",""
"Latest Qualified Lead Date","hs_latest_qualified_lead_date","datetime","The most recent time at which an associated lead currently in a qualified stage was moved to that stage","contactinformation","false","","true","true","true","false","false","true","HubSpot","Not applicable","","0%","",""
"Last sequence ended date","hs_latest_sequence_ended_date","datetime","The last sequence ended date.","contactinformation","false","","true","true","true","false","false","true","HubSpot","Not applicable","","0%","",""
"Last sequence enrolled","hs_latest_sequence_enrolled","number","The last sequence enrolled.","contactinformation","false","","true","true","false","true","false","true","HubSpot","Not applicable","","0%","",""
"Last sequence enrolled date","hs_latest_sequence_enrolled_date","datetime","The last sequence enrolled date.","contactinformation","false","","true","true","false","false","false","true","HubSpot","Not applicable","","0%","",""
"Marketing contact status source name","hs_marketable_reason_id","string","The ID of the activity that set the contact as a marketing contact","contactinformation","false","","true","true","false","false","false","true","HubSpot","Not applicable","","77.3%","",""
"Marketing contact status source type","hs_marketable_reason_type","enumeration","The type of the activity that set the contact as a marketing contact","contactinformation","false","Ad (AD) [READ-ONLY]; Contact Import (CONTACT_IMPORT) [READ-ONLY]; Conversation (CONVERSATION) [READ-ONLY]; Form Submission (FORM_SUBMISSION) [READ-ONLY]; Initial State (INITIAL_STATE) [READ-ONLY]; Integrator Set (INTEGRATOR_SET) [READ-ONLY]; User Set (USER_SET) [READ-ONLY]; Workflow (WORKFLOW) [READ-ONLY]; Email (EMAIL); Sample Contact (SAMPLE_CONTACT); Feedback Submission (FEEDBACK_SUBMISSION)","true","true","false","false","false","true","HubSpot","Not applicable","","77.3%","",""
"Marketing contact status","hs_marketable_status","enumeration","The marketing status of a contact","contactinformation","false","Marketing contact (true); Non-marketing contact (false)","true","true","false","false","false","true","HubSpot","Not applicable","Lists (2); Reports (4); Views (34); Property cards (1)","100%","",""
"Marketing contact until next update","hs_marketable_until_renewal","enumeration","Specifies if this contact will be set as non-marketing on renewal","contactinformation","false","Yes (true); -- (false)","true","true","false","false","false","true","HubSpot","Not applicable","Lists (1)","100%","",""
"Membership last private content access date","hs_membership_last_private_content_access_date","datetime","The last date a contact accessed private content","contactinformation","false","","true","true","false","false","false","true","HubSpot","Not applicable","","0%","",""
"Merged Contact IDs","hs_merged_object_ids","enumeration","The list of Contact record IDs that have been merged into this Contact. This value is set automatically by HubSpot.","contactinformation","false","","true","true","false","false","false","true","HubSpot","Not applicable","","2.66%","",""
"Next Renewal Date","hs_next_renewal_date","date","Earliest renewal date across all active contracts associated with this contact. Automatically computed as the minimum renewal date across all active contracts.","contactinformation","false","","true","false","false","false","false","true","HubSpot","Not applicable","","0%","",""
"Number of Active Contracts","hs_num_active_contracts","number","Count of active contracts associated with this contact.","contactinformation","false","","true","false","false","false","false","true","HubSpot","Not applicable","","1.63%","",""
"Record ID","hs_object_id","number","The unique ID for this record. This value is set automatically by HubSpot.","contactinformation","false","","true","true","false","false","false","true","HubSpot","Not applicable","","100%","",""
"Record source detail 1","hs_object_source_detail_1","string","First level of detail on how this record was created.","contactinformation","false","","true","true","false","false","false","true","HubSpot","Not applicable","","45.06%","",""
"Record source detail 2","hs_object_source_detail_2","string","Second level of detail on how this record was created.","contactinformation","false","","true","true","false","false","false","true","HubSpot","Not applicable","","0%","",""
"Record source detail 3","hs_object_source_detail_3","string","Third level of detail on how this record was created.","contactinformation","false","","true","true","false","false","false","true","HubSpot","Not applicable","","0%","",""
"Record source","hs_object_source_label","enumeration","How this record was created.","contactinformation","false","","true","true","false","true","false","true","HubSpot","Not applicable","","100%","",""
"Persona","hs_persona","enumeration","A contact's persona","contactinformation","true","","false","true","false","false","false","true","HubSpot","Not applicable","","0%","",""
"Prospecting Agent Last Enrolled","hs_prospecting_agent_last_enrolled","datetime","The last time the Prospecting Agent enrolled this contact","contactinformation","false","","false","true","false","false","false","true","HubSpot","Not applicable","","0%","",""
"Prospecting Agent Total Enrolled Count","hs_prospecting_agent_total_enrolled_count","number","","contactinformation","false","","false","true","false","false","false","true","HubSpot","Not applicable","","32.68%","",""
"Registration Method","hs_registration_method","string","The method used for registration","contactinformation","false","","true","true","false","false","false","true","HubSpot","Not applicable","","0%","",""
"Employment Role","hs_role","enumeration","Job role","contactinformation","true","Accounting (accounting); Administrative (administrative); Business Development (business_development); Communications (communications); Consulting (consulting); Customer Service (customer_service); Design (design); Education (education); Engineering (engineering); Entrepreneurship (entrepreneurship); Finance (finance); Health Professional (health_professional); Human Resources (human_resources); Information Technology (information_technology); Legal (legal); Marketing (marketing); Operations (operations); Product (product); Project Management (project_management); Public Relations (public_relations); Quality Assurance (quality_assurance); Real Estate (real_estate); Recruiting (recruiting); Research (research); Sales (sales); Support (support); Retired (retired)","false","false","false","false","false","true","HubSpot","Not applicable","","22.29%","",""
"Date of first engagement","hs_sa_first_engagement_date","datetime","The date the current contact owner first engaged with the contact.","contactinformation","false","","true","true","false","false","false","true","HubSpot","Not applicable","","18.96%","",""
"Description of first engagement","hs_sa_first_engagement_descr","enumeration","A description of the current contact owner's first engagement with the contact.","contactinformation","false"," (EMPTY_DESCRIPTION); Bounced (BOUNCED); Busy (BUSY); Calling CRM user (CALLING_CRM_USER) [HIDDEN]; Canceled (CANCELED); Completed (COMPLETED); Connecting (CONNECTING) [HIDDEN]; Deferred (DEFERRED); Facebook Messenger (FB_MESSENGER); Failed (FAILED); In progress (IN_PROGRESS) [HIDDEN]; Live chat (LIVE_CHAT); Logged call (LOGGED_CALL); No answer (NO_ANSWER); No show (NO_SHOW); Not started (NOT_STARTED); Queued (QUEUED) [HIDDEN]; Rescheduled (RESCHEDULED); Ringing (RINGING) [HIDDEN]; Scheduled (SCHEDULED); Sending (SENDING); Sent (SENT); Waiting (WAITING); Missed (MISSED); On Hold (HOLD)","true","true","true","false","false","true","HubSpot","Not applicable","","18.96%","",""
"Type of first engagement","hs_sa_first_engagement_object_type","enumeration","The object type of the current contact owner's first engagement with the contact.","contactinformation","false","Call (CALL); Conversation session (CONVERSATION_SESSION); Email (EMAIL); Meeting (MEETING_EVENT); Task (TASK)","true","true","true","false","false","true","HubSpot","Not applicable","","18.96%","",""
"Employment Seniority","hs_seniority","enumeration","Job Seniority","contactinformation","true","VP (vp); Director (director); Entry (entry); Executive (executive); Manager (manager); Owner (owner); Partner (partner); Senior (senior); Employee (employee)","false","false","false","false","false","true","HubSpot","Not applicable","","22.3%","",""
"Number of sequences enrolled","hs_sequences_enrolled_count","number","The number of sequences enrolled.","contactinformation","false","","true","true","false","false","false","true","HubSpot","Not applicable","","0%","",""
"Shared teams","hs_shared_team_ids","enumeration","Additional teams whose users can access the Contact based on their permissions. This can be set manually or through Workflows or APIs.","contactinformation","false","","false","true","false","true","false","true","HubSpot","Not applicable","","0%","",""
"Shared users","hs_shared_user_ids","enumeration","Additional users that can access the Contact based on their permissions. This can be set manually or through Workflows and APIs.","contactinformation","false","","false","true","false","true","false","true","HubSpot","Not applicable","","0%","",""
"State/Region Code","hs_state_code","string","The contact's state or region code.","contactinformation","true","","false","false","false","false","false","true","HubSpot","Not applicable","","20.53%","",""
"Employment Sub Role","hs_sub_role","enumeration","Job sub role","contactinformation","true","Account Executive (account_executive); Account Manager (account_manager); Accountant (accountant); Accounting Manager (accounting_manager); Administrative Assistant (administrative_assistant); Appraisal (appraisal); Architect IT (architect_it); Assistant (assistant); Attorney (attorney); Auditor (auditor); Brand Marketing (brand_marketing); Business Analyst (business_analyst); Business Consultant (business_consultant); Business Manager (business_manager); Chief Financial Officer (chief_financial_officer); Communications Manager (communications_manager); Community (community); Content Marketing (content_marketing); Contracts (contracts); Creative (creative); Customer Service Specialist (customer_service_specialist); Customer Success (customer_success); Data IT (data_it); Data Science Engineer (data_science_engineer); Database Administrator (database_administrator); Design Engineer (design_engineer); Development Specialist (development_specialist); Devops Engineer (devops_engineer); Digital Marketing (digital_marketing); Director of Development (director_of_development); Editorial (editorial); Electrical Engineer (electrical_engineer); Engineering Manager (engineering_manager); Events (events); Executive Assistant (executive_assistant); Facilities (facilities); Fashion Design (fashion_design); Field Marketing (field_marketing); Financial Analyst (financial_analyst); Financial Controller (financial_controller); Fitness (fitness); Founder (founder); General Counsel (general_counsel); General Manager (general_manager); General Partner (general_partner); Graphic Design (graphic_design); Human Resources Specialist (human_resources_specialist); Information Technology Specialist (information_technology_specialist); Investment (investment); Investment Banker (investment_banker); Journalist (journalist); Key Account Manager (key_account_manager); Law Enforcement (law_enforcement); Lawyer (lawyer); Logistics Manager (logistics_manager); Management (management); Marketing Specialist (marketing_specialist); Mechanical Engineer (mechanical_engineer); Medical Doctor (medical_doctor); Network Engineer (network_engineer); Nurse (nurse); Office Management (office_management); Office Manager (office_manager); Operational Specialist (operational_specialist); Owner (owner); Paralegal (paralegal); Principal (principal); Product Design (product_design); Product Manager (product_manager); Product Marketing (product_marketing); Production Manager (production_manager); Professor (professor); Program Coordinator (program_coordinator); Program Manager (program_manager); Project Engineer (project_engineer); Project Manager (project_manager); Property Manager (property_manager); QA engineer (qa_engineer); QA IT (qa_it); Quality Assurance Manager (quality_assurance_manager); Quality Assurance Specialist (quality_assurance_specialist); Realtor (realtor); Recruiter (recruiter); Relationship Manager (relationship_manager); Research Analyst (research_analyst); Risk Compliance (risk_compliance); Sales Executive (sales_executive); Sales Operations (sales_operations); Sales Specialist (sales_specialist); Salesperson (salesperson); Secretary (secretary); Social Marketing (social_marketing); Software Engineer (software_engineer); Strategy (strategy); Student (student); Support (support); Support Specialist (support_specialist); System Administrator (system_administrator); System Analyst (system_analyst); Systems Engineer (systems_engineer); Talent (talent); Tax Audit (tax_audit); Teacher (teacher); Technical Manager (technical_manager); Technical Support Specialist (technical_support_specialist); Therapist (therapist); Training (training); Video (video); Web Developer (web_developer); Writer (writer); Chief Executive Officer (chief_executive_officer); Chief Operating Officer (chief_operating_officer); Chief Marketing Officer (chief_marketing_officer); Chief Technology Officer (chief_technology_officer); Chief Information Officer (chief_information_officer); Chief Human Resources officer (chief_human_resources_officer); Chief Compliance Officer (chief_compliance_officer); Chief Risk Officer (chief_risk_officer); Chief Data Officer (chief_data_officer); Chief Product Officer (chief_product_officer); Chief Revenue Officer (chief_revenue_officer); Chief Sustainability Officer (chief_sustainability_officer); Chief Legal Officer (chief_legal_officer); Chief Security Officer (chief_security_officer); Chief Experience Officer (chief_experience_officer); Chief Innovation Officer (chief_innovation_officer); Retail (retail); Retired (retired)","false","false","false","false","false","true","HubSpot","Not applicable","","22.11%","",""
"Time between contact creation and deal close","hs_time_between_contact_creation_and_deal_close","number","","contactinformation","false","","false","false","false","false","false","true","HubSpot","Not applicable","","0.03%","",""
"Time between contact creation and deal creation","hs_time_between_contact_creation_and_deal_creation","number","","contactinformation","false","","false","false","false","false","false","true","HubSpot","Not applicable","","0.8%","",""
"Lead response time","hs_time_to_first_engagement","number","The time it took the current owner to perform a qualifying action on the contact. Qualifying actions include sending an email, calling, using chat, recording a meeting outcome, or marking a task as in progress or completed.","contactinformation","false","","true","true","true","false","false","true","HubSpot","Not applicable","","18.96%","",""
"Time to move from lead to customer","hs_time_to_move_from_lead_to_customer","number"," How long it takes for a contact to move from the HubSpot lead stage to the HubSpot customer stage.","contactinformation","false","","false","false","false","false","false","true","HubSpot","Not applicable","","0.02%","",""
"Time to move from marketing qualified lead to customer","hs_time_to_move_from_marketingqualifiedlead_to_customer","number"," How long it takes for a contact to move from the HubSpot marketing qualified lead stage to the HubSpot customer stage.","contactinformation","false","","false","false","false","false","false","true","HubSpot","Not applicable","","0%","",""
"Time to move from opportunity to customer","hs_time_to_move_from_opportunity_to_customer","number"," How long it takes for a contact to move from the HubSpot opportunity stage to the HubSpot customer stage.","contactinformation","false","","false","false","false","false","false","true","HubSpot","Not applicable","","0.01%","",""
"Time to move from sales qualified lead to customer","hs_time_to_move_from_salesqualifiedlead_to_customer","number"," How long it takes for a contact to move from the HubSpot sales qualified lead stage to the HubSpot customer stage.","contactinformation","false","","false","false","false","false","false","true","HubSpot","Not applicable","","0%","",""
"Time to move from subscriber to customer","hs_time_to_move_from_subscriber_to_customer","number"," How long it takes for a contact to move from the HubSpot subscriber stage to the HubSpot customer stage.","contactinformation","false","","false","false","false","false","false","true","HubSpot","Not applicable","","0%","",""
"Time Zone","hs_timezone","enumeration","The contact’s time zone. This can be set automatically by HubSpot based on other contact properties. It can also be set manually for each contact.","contactinformation","true","UTC -11:00 Pacific Midway (pacific_slash_midway) [READ-ONLY]; UTC -11:00 Pacific Niue (pacific_slash_niue) [READ-ONLY]; UTC -11:00 Pacific Pago Pago (pacific_slash_pago_pago) [READ-ONLY]; UTC -11:00 Pacific Samoa (pacific_slash_samoa) [READ-ONLY]; UTC -11:00 US Samoa (us_slash_samoa) [READ-ONLY]; UTC -10:00 Pacific Honolulu (pacific_slash_honolulu) [READ-ONLY]; UTC -10:00 Pacific Johnston (pacific_slash_johnston) [READ-ONLY]; UTC -10:00 Pacific Rarotonga (pacific_slash_rarotonga) [READ-ONLY]; UTC -10:00 Pacific Tahiti (pacific_slash_tahiti) [READ-ONLY]; UTC -10:00 US Hawaii (us_slash_hawaii) [READ-ONLY]; UTC -09:30 Pacific Marquesas (pacific_slash_marquesas) [READ-ONLY]; UTC -09:00 America Adak (america_slash_adak) [READ-ONLY]; UTC -09:00 America Atka (america_slash_atka) [READ-ONLY]; UTC -09:00 Pacific Gambier (pacific_slash_gambier) [READ-ONLY]; UTC -09:00 US Aleutian (us_slash_aleutian) [READ-ONLY]; UTC -08:00 America Anchorage (america_slash_anchorage) [READ-ONLY]; UTC -08:00 America Juneau (america_slash_juneau) [READ-ONLY]; UTC -08:00 America Metlakatla (america_slash_metlakatla) [READ-ONLY]; UTC -08:00 America Nome (america_slash_nome) [READ-ONLY]; UTC -08:00 America Sitka (america_slash_sitka) [READ-ONLY]; UTC -08:00 America Yakutat (america_slash_yakutat) [READ-ONLY]; UTC -08:00 Pacific Pitcairn (pacific_slash_pitcairn) [READ-ONLY]; UTC -08:00 US Alaska (us_slash_alaska) [READ-ONLY]; UTC -07:00 America Creston (america_slash_creston) [READ-ONLY]; UTC -07:00 America Dawson (america_slash_dawson) [READ-ONLY]; UTC -07:00 America Dawson Creek (america_slash_dawson_creek) [READ-ONLY]; UTC -07:00 America Ensenada (america_slash_ensenada) [READ-ONLY]; UTC -07:00 America Fort Nelson (america_slash_fort_nelson) [READ-ONLY]; UTC -07:00 America Hermosillo (america_slash_hermosillo) [READ-ONLY]; UTC -07:00 America Los Angeles (america_slash_los_angeles) [READ-ONLY]; UTC -07:00 America Phoenix (america_slash_phoenix) [READ-ONLY]; UTC -07:00 America Santa Isabel (america_slash_santa_isabel) [READ-ONLY]; UTC -07:00 America Tijuana (america_slash_tijuana) [READ-ONLY]; UTC -07:00 America Vancouver (america_slash_vancouver) [READ-ONLY]; UTC -07:00 America Whitehorse (america_slash_whitehorse) [READ-ONLY]; UTC -07:00 Canada Pacific (canada_slash_pacific) [READ-ONLY]; UTC -07:00 Canada Yukon (canada_slash_yukon) [READ-ONLY]; UTC -07:00 Mexico BajaNorte (mexico_slash_bajanorte) [READ-ONLY]; UTC -07:00 US Arizona (us_slash_arizona) [READ-ONLY]; UTC -07:00 US Pacific (us_slash_pacific) [READ-ONLY]; UTC -07:00 US Pacific-New (us_slash_pacific_hyphen_new) [READ-ONLY]; UTC -06:00 America Belize (america_slash_belize) [READ-ONLY]; UTC -06:00 America Boise (america_slash_boise) [READ-ONLY]; UTC -06:00 America Cambridge Bay (america_slash_cambridge_bay) [READ-ONLY]; UTC -06:00 America Chihuahua (america_slash_chihuahua) [READ-ONLY]; UTC -06:00 America Costa Rica (america_slash_costa_rica) [READ-ONLY]; UTC -06:00 America Denver (america_slash_denver) [READ-ONLY]; UTC -06:00 America Edmonton (america_slash_edmonton) [READ-ONLY]; UTC -06:00 America El Salvador (america_slash_el_salvador) [READ-ONLY]; UTC -06:00 America Guatemala (america_slash_guatemala) [READ-ONLY]; UTC -06:00 America Inuvik (america_slash_inuvik) [READ-ONLY]; UTC -06:00 America Managua (america_slash_managua) [READ-ONLY]; UTC -06:00 America Mazatlan (america_slash_mazatlan) [READ-ONLY]; UTC -06:00 America Navajo (navajo) [READ-ONLY]; UTC -06:00 America Ojinaga (america_slash_ojinaga) [READ-ONLY]; UTC -06:00 America Regina (america_slash_regina) [READ-ONLY]; UTC -06:00 America Shiprock (america_slash_shiprock) [READ-ONLY]; UTC -06:00 America Swift Current (america_slash_swift_current) [READ-ONLY]; UTC -06:00 America Tegucigalpa (america_slash_tegucigalpa) [READ-ONLY]; UTC -06:00 America Yellowknife (america_slash_yellowknife) [READ-ONLY]; UTC -06:00 Canada Mountain (canada_slash_mountain) [READ-ONLY]; UTC -06:00 Canada Saskatchewan (canada_slash_saskatchewan) [READ-ONLY]; UTC -06:00 Chile EasterIsland (chile_slash_easterisland) [READ-ONLY]; UTC -06:00 Mexico BajaSur (mexico_slash_bajasur) [READ-ONLY]; UTC -06:00 Pacific Easter (pacific_slash_easter) [READ-ONLY]; UTC -06:00 Pacific Galapagos (pacific_slash_galapagos) [READ-ONLY]; UTC -06:00 US Mountain (us_slash_mountain) [READ-ONLY]; UTC -05:00 America Atikokan (america_slash_atikokan) [READ-ONLY]; UTC -05:00 America Bahia Banderas (america_slash_bahia_banderas) [READ-ONLY]; UTC -05:00 America Bogota (america_slash_bogota) [READ-ONLY]; UTC -05:00 America Cancun (america_slash_cancun) [READ-ONLY]; UTC -05:00 America Cayman (america_slash_cayman) [READ-ONLY]; UTC -05:00 America Chicago (america_slash_chicago) [READ-ONLY]; UTC -05:00 America Coral Harbour (america_slash_coral_harbour) [READ-ONLY]; UTC -05:00 America Eirunepe (america_slash_eirunepe) [READ-ONLY]; UTC -05:00 America Guayaquil (america_slash_guayaquil) [READ-ONLY]; UTC -05:00 America Indiana (Knox) (america_slash_indiana_slash_knox) [READ-ONLY]; UTC -05:00 America Indiana (Tell City) (america_slash_indiana_slash_tell_city) [READ-ONLY]; UTC -05:00 America Jamaica (america_slash_jamaica) [READ-ONLY]; UTC -05:00 America Knox IN (america_slash_knox_in) [READ-ONLY]; UTC -05:00 America Lima (america_slash_lima) [READ-ONLY]; UTC -05:00 America Matamoros (america_slash_matamoros) [READ-ONLY]; UTC -05:00 America Menominee (america_slash_menominee) [READ-ONLY]; UTC -05:00 America Merida (america_slash_merida) [READ-ONLY]; UTC -05:00 America Mexico City (america_slash_mexico_city) [READ-ONLY]; UTC -05:00 America Monterrey (america_slash_monterrey) [READ-ONLY]; UTC -05:00 America North Dakota (Beulah) (america_slash_north_dakota_slash_beulah) [READ-ONLY]; UTC -05:00 America North Dakota (Center) (america_slash_north_dakota_slash_center) [READ-ONLY]; UTC -05:00 America North Dakota (New Salem) (america_slash_north_dakota_slash_new_salem) [READ-ONLY]; UTC -05:00 America Panama (america_slash_panama) [READ-ONLY]; UTC -05:00 America Porto Acre (america_slash_porto_acre) [READ-ONLY]; UTC -05:00 America Rainy River (america_slash_rainy_river) [READ-ONLY]; UTC -05:00 America Rankin Inlet (america_slash_rankin_inlet) [READ-ONLY]; UTC -05:00 America Resolute (america_slash_resolute) [READ-ONLY]; UTC -05:00 America Rio Branco (america_slash_rio_branco) [READ-ONLY]; UTC -05:00 America Winnipeg (america_slash_winnipeg) [READ-ONLY]; UTC -05:00 Brazil Acre (brazil_slash_acre) [READ-ONLY]; UTC -05:00 Canada Central (canada_slash_central) [READ-ONLY]; UTC -05:00 Mexico General (mexico_slash_general) [READ-ONLY]; UTC -05:00 US Central (us_slash_central) [READ-ONLY]; UTC -05:00 US Indiana-Starke (us_slash_indiana_hyphen_starke) [READ-ONLY]; UTC -04:00 America Anguilla (america_slash_anguilla) [READ-ONLY]; UTC -04:00 America Antigua (america_slash_antigua) [READ-ONLY]; UTC -04:00 America Aruba (america_slash_aruba) [READ-ONLY]; UTC -04:00 America Asuncion (america_slash_asuncion) [READ-ONLY]; UTC -04:00 America Barbados (america_slash_barbados) [READ-ONLY]; UTC -04:00 America Blanc-Sablon (america_slash_blanc_hyphen_sablon) [READ-ONLY]; UTC -04:00 America Boa Vista (america_slash_boa_vista) [READ-ONLY]; UTC -04:00 America Campo Grande (america_slash_campo_grande) [READ-ONLY]; UTC -04:00 America Caracas (america_slash_caracas) [READ-ONLY]; UTC -04:00 America Cuba (cuba) [READ-ONLY]; UTC -04:00 America Cuiaba (america_slash_cuiaba) [READ-ONLY]; UTC -04:00 America Curacao (america_slash_curacao) [READ-ONLY]; UTC -04:00 America Detroit (america_slash_detroit) [READ-ONLY]; UTC -04:00 America Dominica (america_slash_dominica) [READ-ONLY]; UTC -04:00 America Fort Wayne (america_slash_fort_wayne) [READ-ONLY]; UTC -04:00 America Grand Turk (america_slash_grand_turk) [READ-ONLY]; UTC -04:00 America Grenada (america_slash_grenada) [READ-ONLY]; UTC -04:00 America Guadeloupe (america_slash_guadeloupe) [READ-ONLY]; UTC -04:00 America Guyana (america_slash_guyana) [READ-ONLY]; UTC -04:00 America Havana (america_slash_havana) [READ-ONLY]; UTC -04:00 America Indiana (Indianapolis) (america_slash_indiana_slash_indianapolis) [READ-ONLY]; UTC -04:00 America Indiana (Marengo) (america_slash_indiana_slash_marengo) [READ-ONLY]; UTC -04:00 America Indiana (Petersburg) (america_slash_indiana_slash_petersburg) [READ-ONLY]; UTC -04:00 America Indiana (Vevay) (america_slash_indiana_slash_vevay) [READ-ONLY]; UTC -04:00 America Indiana (Vincennes) (america_slash_indiana_slash_vincennes) [READ-ONLY]; UTC -04:00 America Indiana (Winamac) (america_slash_indiana_slash_winamac) [READ-ONLY]; UTC -04:00 America Indianapolis (america_slash_indianapolis) [READ-ONLY]; UTC -04:00 America Iqaluit (america_slash_iqaluit) [READ-ONLY]; UTC -04:00 America Kentucky (Louisville) (america_slash_kentucky_slash_louisville) [READ-ONLY]; UTC -04:00 America Kentucky (Monticello) (america_slash_kentucky_slash_monticello) [READ-ONLY]; UTC -04:00 America Kralendijk (america_slash_kralendijk) [READ-ONLY]; UTC -04:00 America La Paz (america_slash_la_paz) [READ-ONLY]; UTC -04:00 America Louisville (america_slash_louisville) [READ-ONLY]; UTC -04:00 America Lower Princes (america_slash_lower_princes) [READ-ONLY]; UTC -04:00 America Manaus (america_slash_manaus) [READ-ONLY]; UTC -04:00 America Marigot (america_slash_marigot) [READ-ONLY]; UTC -04:00 America Martinique (america_slash_martinique) [READ-ONLY]; UTC -04:00 America Montreal (america_slash_montreal) [READ-ONLY]; UTC -04:00 America Montserrat (america_slash_montserrat) [READ-ONLY]; UTC -04:00 America Nassau (america_slash_nassau) [READ-ONLY]; UTC -04:00 America New York (america_slash_new_york) [READ-ONLY]; UTC -04:00 America Nipigon (america_slash_nipigon) [READ-ONLY]; UTC -04:00 America Pangnirtung (america_slash_pangnirtung) [READ-ONLY]; UTC -04:00 America Port of Spain (america_slash_port_of_spain) [READ-ONLY]; UTC -04:00 America Port-au-Prince (america_slash_port_hyphen_au_hyphen_prince) [READ-ONLY]; UTC -04:00 America Porto Velho (america_slash_porto_velho) [READ-ONLY]; UTC -04:00 America Puerto Rico (america_slash_puerto_rico) [READ-ONLY]; UTC -04:00 America Santiago (america_slash_santiago) [READ-ONLY]; UTC -04:00 America Santo Domingo (america_slash_santo_domingo) [READ-ONLY]; UTC -04:00 America St Barthelemy (america_slash_st_barthelemy) [READ-ONLY]; UTC -04:00 America St Kitts (america_slash_st_kitts) [READ-ONLY]; UTC -04:00 America St Lucia (america_slash_st_lucia) [READ-ONLY]; UTC -04:00 America St Thomas (america_slash_st_thomas) [READ-ONLY]; UTC -04:00 America St Vincent (america_slash_st_vincent) [READ-ONLY]; UTC -04:00 America Thunder Bay (america_slash_thunder_bay) [READ-ONLY]; UTC -04:00 America Toronto (america_slash_toronto) [READ-ONLY]; UTC -04:00 America Tortola (america_slash_tortola) [READ-ONLY]; UTC -04:00 America Virgin (america_slash_virgin) [READ-ONLY]; UTC -04:00 Brazil West (brazil_slash_west) [READ-ONLY]; UTC -04:00 Canada Eastern (canada_slash_eastern) [READ-ONLY]; UTC -04:00 Chile Continental (chile_slash_continental) [READ-ONLY]; UTC -04:00 US East-Indiana (us_slash_east_hyphen_indiana) [READ-ONLY]; UTC -04:00 US Eastern (us_slash_eastern) [READ-ONLY]; UTC -04:00 US Michigan (us_slash_michigan) [READ-ONLY]; UTC -03:00 America Araguaina (america_slash_araguaina) [READ-ONLY]; UTC -03:00 America Argentina (Buenos Aires) (america_slash_argentina_slash_buenos_aires) [READ-ONLY]; UTC -03:00 America Argentina (Catamarca) (america_slash_argentina_slash_catamarca) [READ-ONLY]; UTC -03:00 America Argentina (ComodRivadavia) (america_slash_argentina_slash_comodrivadavia) [READ-ONLY]; UTC -03:00 America Argentina (Cordoba) (america_slash_argentina_slash_cordoba) [READ-ONLY]; UTC -03:00 America Argentina (Jujuy) (america_slash_argentina_slash_jujuy) [READ-ONLY]; UTC -03:00 America Argentina (La Rioja) (america_slash_argentina_slash_la_rioja) [READ-ONLY]; UTC -03:00 America Argentina (Mendoza) (america_slash_argentina_slash_mendoza) [READ-ONLY]; UTC -03:00 America Argentina (Rio Gallegos) (america_slash_argentina_slash_rio_gallegos) [READ-ONLY]; UTC -03:00 America Argentina (Salta) (america_slash_argentina_slash_salta) [READ-ONLY]; UTC -03:00 America Argentina (San Juan) (america_slash_argentina_slash_san_juan) [READ-ONLY]; UTC -03:00 America Argentina (San Luis) (america_slash_argentina_slash_san_luis) [READ-ONLY]; UTC -03:00 America Argentina (Tucuman) (america_slash_argentina_slash_tucuman) [READ-ONLY]; UTC -03:00 America Argentina (Ushuaia) (america_slash_argentina_slash_ushuaia) [READ-ONLY]; UTC -03:00 America Bahia (america_slash_bahia) [READ-ONLY]; UTC -03:00 America Belem (america_slash_belem) [READ-ONLY]; UTC -03:00 America Buenos Aires (america_slash_buenos_aires) [READ-ONLY]; UTC -03:00 America Catamarca (america_slash_catamarca) [READ-ONLY]; UTC -03:00 America Cayenne (america_slash_cayenne) [READ-ONLY]; UTC -03:00 America Cordoba (america_slash_cordoba) [READ-ONLY]; UTC -03:00 America Fortaleza (america_slash_fortaleza) [READ-ONLY]; UTC -03:00 America Glace Bay (america_slash_glace_bay) [READ-ONLY]; UTC -03:00 America Goose Bay (america_slash_goose_bay) [READ-ONLY]; UTC -03:00 America Halifax (america_slash_halifax) [READ-ONLY]; UTC -03:00 America Jujuy (america_slash_jujuy) [READ-ONLY]; UTC -03:00 America Maceio (america_slash_maceio) [READ-ONLY]; UTC -03:00 America Mendoza (america_slash_mendoza) [READ-ONLY]; UTC -03:00 America Moncton (america_slash_moncton) [READ-ONLY]; UTC -03:00 America Montevideo (america_slash_montevideo) [READ-ONLY]; UTC -03:00 America Paramaribo (america_slash_paramaribo) [READ-ONLY]; UTC -03:00 America Punta Arenas (america_slash_punta_arenas) [READ-ONLY]; UTC -03:00 America Recife (america_slash_recife) [READ-ONLY]; UTC -03:00 America Rosario (america_slash_rosario) [READ-ONLY]; UTC -03:00 America Santarem (america_slash_santarem) [READ-ONLY]; UTC -03:00 America Sao Paulo (america_slash_sao_paulo) [READ-ONLY]; UTC -03:00 America Thule (america_slash_thule) [READ-ONLY]; UTC -03:00 Antarctica Palmer (antarctica_slash_palmer) [READ-ONLY]; UTC -03:00 Antarctica Rothera (antarctica_slash_rothera) [READ-ONLY]; UTC -03:00 Atlantic Bermuda (atlantic_slash_bermuda) [READ-ONLY]; UTC -03:00 Atlantic Stanley (atlantic_slash_stanley) [READ-ONLY]; UTC -03:00 Brazil East (brazil_slash_east) [READ-ONLY]; UTC -03:00 Canada Atlantic (canada_slash_atlantic) [READ-ONLY]; UTC -02:30 America St Johns (america_slash_st_johns) [READ-ONLY]; UTC -02:30 Canada Newfoundland (canada_slash_newfoundland) [READ-ONLY]; UTC -02:00 America Godthab (america_slash_godthab) [READ-ONLY]; UTC -02:00 America Miquelon (america_slash_miquelon) [READ-ONLY]; UTC -02:00 America Noronha (america_slash_noronha) [READ-ONLY]; UTC -02:00 Atlantic South Georgia (atlantic_slash_south_georgia) [READ-ONLY]; UTC -02:00 Brazil DeNoronha (brazil_slash_denoronha) [READ-ONLY]; UTC -01:00 Atlantic Cape Verde (atlantic_slash_cape_verde) [READ-ONLY]; UTC +00:00 Africa Abidjan (africa_slash_abidjan) [READ-ONLY]; UTC +00:00 Africa Accra (africa_slash_accra) [READ-ONLY]; UTC +00:00 Africa Bamako (africa_slash_bamako) [READ-ONLY]; UTC +00:00 Africa Banjul (africa_slash_banjul) [READ-ONLY]; UTC +00:00 Africa Bissau (africa_slash_bissau) [READ-ONLY]; UTC +00:00 Africa Conakry (africa_slash_conakry) [READ-ONLY]; UTC +00:00 Africa Dakar (africa_slash_dakar) [READ-ONLY]; UTC +00:00 Africa Freetown (africa_slash_freetown) [READ-ONLY]; UTC +00:00 Africa Lome (africa_slash_lome) [READ-ONLY]; UTC +00:00 Africa Monrovia (africa_slash_monrovia) [READ-ONLY]; UTC +00:00 Africa Nouakchott (africa_slash_nouakchott) [READ-ONLY]; UTC +00:00 Africa Ouagadougou (africa_slash_ouagadougou) [READ-ONLY]; UTC +00:00 Africa Timbuktu (africa_slash_timbuktu) [READ-ONLY]; UTC +00:00 America Danmarkshavn (america_slash_danmarkshavn) [READ-ONLY]; UTC +00:00 America Scoresbysund (america_slash_scoresbysund) [READ-ONLY]; UTC +00:00 Atlantic Azores (atlantic_slash_azores) [READ-ONLY]; UTC +00:00 Atlantic Reykjavik (atlantic_slash_reykjavik) [READ-ONLY]; UTC +00:00 Atlantic St Helena (atlantic_slash_st_helena) [READ-ONLY]; UTC +00:00 Europe Iceland (iceland) [READ-ONLY]; UTC +01:00 Africa Algiers (africa_slash_algiers) [READ-ONLY]; UTC +01:00 Africa Bangui (africa_slash_bangui) [READ-ONLY]; UTC +01:00 Africa Brazzaville (africa_slash_brazzaville) [READ-ONLY]; UTC +01:00 Africa Casablanca (africa_slash_casablanca) [READ-ONLY]; UTC +01:00 Africa Douala (africa_slash_douala) [READ-ONLY]; UTC +01:00 Africa El Aaiun (africa_slash_el_aaiun) [READ-ONLY]; UTC +01:00 Africa Kinshasa (africa_slash_kinshasa) [READ-ONLY]; UTC +01:00 Africa Lagos (africa_slash_lagos) [READ-ONLY]; UTC +01:00 Africa Libreville (africa_slash_libreville) [READ-ONLY]; UTC +01:00 Africa Luanda (africa_slash_luanda) [READ-ONLY]; UTC +01:00 Africa Malabo (africa_slash_malabo) [READ-ONLY]; UTC +01:00 Africa Ndjamena (africa_slash_ndjamena) [READ-ONLY]; UTC +01:00 Africa Niamey (africa_slash_niamey) [READ-ONLY]; UTC +01:00 Africa Porto-Novo (africa_slash_porto_hyphen_novo) [READ-ONLY]; UTC +01:00 Africa Sao Tome (africa_slash_sao_tome) [READ-ONLY]; UTC +01:00 Africa Tunis (africa_slash_tunis) [READ-ONLY]; UTC +01:00 Atlantic Canary (atlantic_slash_canary) [READ-ONLY]; UTC +01:00 Atlantic Faeroe (atlantic_slash_faeroe) [READ-ONLY]; UTC +01:00 Atlantic Faroe (atlantic_slash_faroe) [READ-ONLY]; UTC +01:00 Atlantic Madeira (atlantic_slash_madeira) [READ-ONLY]; UTC +01:00 Europe Belfast (europe_slash_belfast) [READ-ONLY]; UTC +01:00 Europe Dublin (europe_slash_dublin) [READ-ONLY]; UTC +01:00 Europe Eire (eire) [READ-ONLY]; UTC +01:00 Europe Guernsey (europe_slash_guernsey) [READ-ONLY]; UTC +01:00 Europe Isle of Man (europe_slash_isle_of_man) [READ-ONLY]; UTC +01:00 Europe Jersey (europe_slash_jersey) [READ-ONLY]; UTC +01:00 Europe Lisbon (europe_slash_lisbon) [READ-ONLY]; UTC +01:00 Europe London (europe_slash_london) [READ-ONLY]; UTC +01:00 Europe Portugal (portugal) [READ-ONLY]; UTC +02:00 Africa Blantyre (africa_slash_blantyre) [READ-ONLY]; UTC +02:00 Africa Bujumbura (africa_slash_bujumbura) [READ-ONLY]; UTC +02:00 Africa Cairo (africa_slash_cairo) [READ-ONLY]; UTC +02:00 Africa Ceuta (africa_slash_ceuta) [READ-ONLY]; UTC +02:00 Africa Egypt (egypt) [READ-ONLY]; UTC +02:00 Africa Gaborone (africa_slash_gaborone) [READ-ONLY]; UTC +02:00 Africa Harare (africa_slash_harare) [READ-ONLY]; UTC +02:00 Africa Johannesburg (africa_slash_johannesburg) [READ-ONLY]; UTC +02:00 Africa Khartoum (africa_slash_khartoum) [READ-ONLY]; UTC +02:00 Africa Kigali (africa_slash_kigali) [READ-ONLY]; UTC +02:00 Africa Libya (libya) [READ-ONLY]; UTC +02:00 Africa Lubumbashi (africa_slash_lubumbashi) [READ-ONLY]; UTC +02:00 Africa Lusaka (africa_slash_lusaka) [READ-ONLY]; UTC +02:00 Africa Maputo (africa_slash_maputo) [READ-ONLY]; UTC +02:00 Africa Maseru (africa_slash_maseru) [READ-ONLY]; UTC +02:00 Africa Mbabane (africa_slash_mbabane) [READ-ONLY]; UTC +02:00 Africa Tripoli (africa_slash_tripoli) [READ-ONLY]; UTC +02:00 Africa Windhoek (africa_slash_windhoek) [READ-ONLY]; UTC +02:00 Antarctica Troll (antarctica_slash_troll) [READ-ONLY]; UTC +02:00 Arctic Longyearbyen (arctic_slash_longyearbyen) [READ-ONLY]; UTC +02:00 Atlantic Jan Mayen (atlantic_slash_jan_mayen) [READ-ONLY]; UTC +02:00 Europe Amsterdam (europe_slash_amsterdam) [READ-ONLY]; UTC +02:00 Europe Andorra (europe_slash_andorra) [READ-ONLY]; UTC +02:00 Europe Belgrade (europe_slash_belgrade) [READ-ONLY]; UTC +02:00 Europe Berlin (europe_slash_berlin) [READ-ONLY]; UTC +02:00 Europe Bratislava (europe_slash_bratislava) [READ-ONLY]; UTC +02:00 Europe Brussels (europe_slash_brussels) [READ-ONLY]; UTC +02:00 Europe Budapest (europe_slash_budapest) [READ-ONLY]; UTC +02:00 Europe Busingen (europe_slash_busingen) [READ-ONLY]; UTC +02:00 Europe Copenhagen (europe_slash_copenhagen) [READ-ONLY]; UTC +02:00 Europe Gibraltar (europe_slash_gibraltar) [READ-ONLY]; UTC +02:00 Europe Kaliningrad (europe_slash_kaliningrad) [READ-ONLY]; UTC +02:00 Europe Ljubljana (europe_slash_ljubljana) [READ-ONLY]; UTC +02:00 Europe Luxembourg (europe_slash_luxembourg) [READ-ONLY]; UTC +02:00 Europe Madrid (europe_slash_madrid) [READ-ONLY]; UTC +02:00 Europe Malta (europe_slash_malta) [READ-ONLY]; UTC +02:00 Europe Monaco (europe_slash_monaco) [READ-ONLY]; UTC +02:00 Europe Oslo (europe_slash_oslo) [READ-ONLY]; UTC +02:00 Europe Paris (europe_slash_paris) [READ-ONLY]; UTC +02:00 Europe Podgorica (europe_slash_podgorica) [READ-ONLY]; UTC +02:00 Europe Poland (poland) [READ-ONLY]; UTC +02:00 Europe Prague (europe_slash_prague) [READ-ONLY]; UTC +02:00 Europe Rome (europe_slash_rome) [READ-ONLY]; UTC +02:00 Europe San Marino (europe_slash_san_marino) [READ-ONLY]; UTC +02:00 Europe Sarajevo (europe_slash_sarajevo) [READ-ONLY]; UTC +02:00 Europe Skopje (europe_slash_skopje) [READ-ONLY]; UTC +02:00 Europe Stockholm (europe_slash_stockholm) [READ-ONLY]; UTC +02:00 Europe Tirane (europe_slash_tirane) [READ-ONLY]; UTC +02:00 Europe Vaduz (europe_slash_vaduz) [READ-ONLY]; UTC +02:00 Europe Vatican (europe_slash_vatican) [READ-ONLY]; UTC +02:00 Europe Vienna (europe_slash_vienna) [READ-ONLY]; UTC +02:00 Europe Warsaw (europe_slash_warsaw) [READ-ONLY]; UTC +02:00 Europe Zagreb (europe_slash_zagreb) [READ-ONLY]; UTC +02:00 Europe Zurich (europe_slash_zurich) [READ-ONLY]; UTC +03:00 Africa Addis Ababa (africa_slash_addis_ababa) [READ-ONLY]; UTC +03:00 Africa Asmara (africa_slash_asmara) [READ-ONLY]; UTC +03:00 Africa Asmera (africa_slash_asmera) [READ-ONLY]; UTC +03:00 Africa Dar es Salaam (africa_slash_dar_es_salaam) [READ-ONLY]; UTC +03:00 Africa Djibouti (africa_slash_djibouti) [READ-ONLY]; UTC +03:00 Africa Juba (africa_slash_juba) [READ-ONLY]; UTC +03:00 Africa Kampala (africa_slash_kampala) [READ-ONLY]; UTC +03:00 Africa Mogadishu (africa_slash_mogadishu) [READ-ONLY]; UTC +03:00 Africa Nairobi (africa_slash_nairobi) [READ-ONLY]; UTC +03:00 Antarctica Syowa (antarctica_slash_syowa) [READ-ONLY]; UTC +03:00 Asia Aden (asia_slash_aden) [READ-ONLY]; UTC +03:00 Asia Amman (asia_slash_amman) [READ-ONLY]; UTC +03:00 Asia Baghdad (asia_slash_baghdad) [READ-ONLY]; UTC +03:00 Asia Bahrain (asia_slash_bahrain) [READ-ONLY]; UTC +03:00 Asia Beirut (asia_slash_beirut) [READ-ONLY]; UTC +03:00 Asia Damascus (asia_slash_damascus) [READ-ONLY]; UTC +03:00 Asia Famagusta (asia_slash_famagusta) [READ-ONLY]; UTC +03:00 Asia Gaza (asia_slash_gaza) [READ-ONLY]; UTC +03:00 Asia Hebron (asia_slash_hebron) [READ-ONLY]; UTC +03:00 Asia Israel (israel) [READ-ONLY]; UTC +03:00 Asia Istanbul (asia_slash_istanbul) [READ-ONLY]; UTC +03:00 Asia Jerusalem (asia_slash_jerusalem) [READ-ONLY]; UTC +03:00 Asia Kuwait (asia_slash_kuwait) [READ-ONLY]; UTC +03:00 Asia Nicosia (asia_slash_nicosia) [READ-ONLY]; UTC +03:00 Asia Qatar (asia_slash_qatar) [READ-ONLY]; UTC +03:00 Asia Riyadh (asia_slash_riyadh) [READ-ONLY]; UTC +03:00 Asia Tel Aviv (asia_slash_tel_aviv) [READ-ONLY]; UTC +03:00 Asia Türkiye (turkey) [READ-ONLY]; UTC +03:00 Europe Athens (europe_slash_athens) [READ-ONLY]; UTC +03:00 Europe Bucharest (europe_slash_bucharest) [READ-ONLY]; UTC +03:00 Europe Chisinau (europe_slash_chisinau) [READ-ONLY]; UTC +03:00 Europe Helsinki (europe_slash_helsinki) [READ-ONLY]; UTC +03:00 Europe Istanbul (europe_slash_istanbul) [READ-ONLY]; UTC +03:00 Europe Kyiv (europe_slash_kiev) [READ-ONLY]; UTC +03:00 Europe Kirov (europe_slash_kirov) [READ-ONLY]; UTC +03:00 Europe Mariehamn (europe_slash_mariehamn) [READ-ONLY]; UTC +03:00 Europe Minsk (europe_slash_minsk) [READ-ONLY]; UTC +03:00 Europe Moscow (europe_slash_moscow) [READ-ONLY]; UTC +03:00 Europe Nicosia (europe_slash_nicosia) [READ-ONLY]; UTC +03:00 Europe Riga (europe_slash_riga) [READ-ONLY]; UTC +03:00 Europe Simferopol (europe_slash_simferopol) [READ-ONLY]; UTC +03:00 Europe Sofia (europe_slash_sofia) [READ-ONLY]; UTC +03:00 Europe Tallinn (europe_slash_tallinn) [READ-ONLY]; UTC +03:00 Europe Tiraspol (europe_slash_tiraspol) [READ-ONLY]; UTC +03:00 Europe Uzhgorod (europe_slash_uzhgorod) [READ-ONLY]; UTC +03:00 Europe Vilnius (europe_slash_vilnius) [READ-ONLY]; UTC +03:00 Europe Zaporizhzhia (europe_slash_zaporozhye) [READ-ONLY]; UTC +03:00 Indian Antananarivo (indian_slash_antananarivo) [READ-ONLY]; UTC +03:00 Indian Comoro (indian_slash_comoro) [READ-ONLY]; UTC +03:00 Indian Mayotte (indian_slash_mayotte) [READ-ONLY]; UTC +04:00 Asia Baku (asia_slash_baku) [READ-ONLY]; UTC +04:00 Asia Dubai (asia_slash_dubai) [READ-ONLY]; UTC +04:00 Asia Muscat (asia_slash_muscat) [READ-ONLY]; UTC +04:00 Asia Tbilisi (asia_slash_tbilisi) [READ-ONLY]; UTC +04:00 Asia Yerevan (asia_slash_yerevan) [READ-ONLY]; UTC +04:00 Europe Astrakhan (europe_slash_astrakhan) [READ-ONLY]; UTC +04:00 Europe Samara (europe_slash_samara) [READ-ONLY]; UTC +04:00 Europe Saratov (europe_slash_saratov) [READ-ONLY]; UTC +04:00 Europe Ulyanovsk (europe_slash_ulyanovsk) [READ-ONLY]; UTC +04:00 Europe Volgograd (europe_slash_volgograd) [READ-ONLY]; UTC +04:00 Indian Mahe (indian_slash_mahe) [READ-ONLY]; UTC +04:00 Indian Mauritius (indian_slash_mauritius) [READ-ONLY]; UTC +04:00 Indian Reunion (indian_slash_reunion) [READ-ONLY]; UTC +04:30 Asia Iran (iran) [READ-ONLY]; UTC +04:30 Asia Kabul (asia_slash_kabul) [READ-ONLY]; UTC +04:30 Asia Tehran (asia_slash_tehran) [READ-ONLY]; UTC +05:00 Antarctica Mawson (antarctica_slash_mawson) [READ-ONLY]; UTC +05:00 Asia Aqtau (asia_slash_aqtau) [READ-ONLY]; UTC +05:00 Asia Aqtobe (asia_slash_aqtobe) [READ-ONLY]; UTC +05:00 Asia Ashgabat (asia_slash_ashgabat) [READ-ONLY]; UTC +05:00 Asia Ashkhabad (asia_slash_ashkhabad) [READ-ONLY]; UTC +05:00 Asia Atyrau (asia_slash_atyrau) [READ-ONLY]; UTC +05:00 Asia Dushanbe (asia_slash_dushanbe) [READ-ONLY]; UTC +05:00 Asia Karachi (asia_slash_karachi) [READ-ONLY]; UTC +05:00 Asia Oral (asia_slash_oral) [READ-ONLY]; UTC +05:00 Asia Samarkand (asia_slash_samarkand) [READ-ONLY]; UTC +05:00 Asia Tashkent (asia_slash_tashkent) [READ-ONLY]; UTC +05:00 Asia Yekaterinburg (asia_slash_yekaterinburg) [READ-ONLY]; UTC +05:00 Indian Kerguelen (indian_slash_kerguelen) [READ-ONLY]; UTC +05:00 Indian Maldives (indian_slash_maldives) [READ-ONLY]; UTC +05:30 Asia Calcutta (asia_slash_calcutta) [READ-ONLY]; UTC +05:30 Asia Colombo (asia_slash_colombo) [READ-ONLY]; UTC +05:30 Asia Kolkata (asia_slash_kolkata) [READ-ONLY]; UTC +05:45 Asia Kathmandu (asia_slash_kathmandu) [READ-ONLY]; UTC +05:45 Asia Katmandu (asia_slash_katmandu) [READ-ONLY]; UTC +06:00 Antarctica Vostok (antarctica_slash_vostok) [READ-ONLY]; UTC +06:00 Asia Almaty (asia_slash_almaty) [READ-ONLY]; UTC +06:00 Asia Bishkek (asia_slash_bishkek) [READ-ONLY]; UTC +06:00 Asia Dacca (asia_slash_dacca) [READ-ONLY]; UTC +06:00 Asia Dhaka (asia_slash_dhaka) [READ-ONLY]; UTC +06:00 Asia Kashgar (asia_slash_kashgar) [READ-ONLY]; UTC +06:00 Asia Omsk (asia_slash_omsk) [READ-ONLY]; UTC +06:00 Asia Qyzylorda (asia_slash_qyzylorda) [READ-ONLY]; UTC +06:00 Asia Thimbu (asia_slash_thimbu) [READ-ONLY]; UTC +06:00 Asia Thimphu (asia_slash_thimphu) [READ-ONLY]; UTC +06:00 Asia Urumqi (asia_slash_urumqi) [READ-ONLY]; UTC +06:00 Indian Chagos (indian_slash_chagos) [READ-ONLY]; UTC +06:30 Asia Rangoon (asia_slash_rangoon) [READ-ONLY]; UTC +06:30 Asia Yangon (asia_slash_yangon) [READ-ONLY]; UTC +06:30 Indian Cocos (indian_slash_cocos) [READ-ONLY]; UTC +07:00 Antarctica Davis (antarctica_slash_davis) [READ-ONLY]; UTC +07:00 Asia Bangkok (asia_slash_bangkok) [READ-ONLY]; UTC +07:00 Asia Barnaul (asia_slash_barnaul) [READ-ONLY]; UTC +07:00 Asia Ho Chi Minh (asia_slash_ho_chi_minh) [READ-ONLY]; UTC +07:00 Asia Hovd (asia_slash_hovd) [READ-ONLY]; UTC +07:00 Asia Jakarta (asia_slash_jakarta) [READ-ONLY]; UTC +07:00 Asia Krasnoyarsk (asia_slash_krasnoyarsk) [READ-ONLY]; UTC +07:00 Asia Novokuznetsk (asia_slash_novokuznetsk) [READ-ONLY]; UTC +07:00 Asia Novosibirsk (asia_slash_novosibirsk) [READ-ONLY]; UTC +07:00 Asia Phnom Penh (asia_slash_phnom_penh) [READ-ONLY]; UTC +07:00 Asia Pontianak (asia_slash_pontianak) [READ-ONLY]; UTC +07:00 Asia Saigon (asia_slash_saigon) [READ-ONLY]; UTC +07:00 Asia Tomsk (asia_slash_tomsk) [READ-ONLY]; UTC +07:00 Asia Vientiane (asia_slash_vientiane) [READ-ONLY]; UTC +07:00 Indian Christmas (indian_slash_christmas) [READ-ONLY]; UTC +08:00 Antarctica Casey (antarctica_slash_casey) [READ-ONLY]; UTC +08:00 Asia Brunei (asia_slash_brunei) [READ-ONLY]; UTC +08:00 Asia Choibalsan (asia_slash_choibalsan) [READ-ONLY]; UTC +08:00 Asia Chongqing (asia_slash_chongqing) [READ-ONLY]; UTC +08:00 Asia Chungking (asia_slash_chungking) [READ-ONLY]; UTC +08:00 Asia Harbin (asia_slash_harbin) [READ-ONLY]; UTC +08:00 Asia Hong Kong (asia_slash_hong_kong) [READ-ONLY]; UTC +08:00 Asia Irkutsk (asia_slash_irkutsk) [READ-ONLY]; UTC +08:00 Asia Kuala Lumpur (asia_slash_kuala_lumpur) [READ-ONLY]; UTC +08:00 Asia Kuching (asia_slash_kuching) [READ-ONLY]; UTC +08:00 Asia Macao (asia_slash_macao) [READ-ONLY]; UTC +08:00 Asia Macau (asia_slash_macau) [READ-ONLY]; UTC +08:00 Asia Makassar (asia_slash_makassar) [READ-ONLY]; UTC +08:00 Asia Manila (asia_slash_manila) [READ-ONLY]; UTC +08:00 Asia Shanghai (asia_slash_shanghai) [READ-ONLY]; UTC +08:00 Asia Singapore (asia_slash_singapore) [READ-ONLY]; UTC +08:00 Asia Taipei (asia_slash_taipei) [READ-ONLY]; UTC +08:00 Asia Ujung Pandang (asia_slash_ujung_pandang) [READ-ONLY]; UTC +08:00 Asia Ulaanbaatar (asia_slash_ulaanbaatar) [READ-ONLY]; UTC +08:00 Asia Ulan Bator (asia_slash_ulan_bator) [READ-ONLY]; UTC +08:00 Australia Perth (australia_slash_perth) [READ-ONLY]; UTC +08:00 Australia West (australia_slash_west) [READ-ONLY]; UTC +08:45 Australia Eucla (australia_slash_eucla) [READ-ONLY]; UTC +09:00 Asia Chita (asia_slash_chita) [READ-ONLY]; UTC +09:00 Asia Dili (asia_slash_dili) [READ-ONLY]; UTC +09:00 Asia Japan (japan) [READ-ONLY]; UTC +09:00 Asia Jayapura (asia_slash_jayapura) [READ-ONLY]; UTC +09:00 Asia Khandyga (asia_slash_khandyga) [READ-ONLY]; UTC +09:00 Asia Pyongyang (asia_slash_pyongyang) [READ-ONLY]; UTC +09:00 Asia Seoul (asia_slash_seoul) [READ-ONLY]; UTC +09:00 Asia Tokyo (asia_slash_tokyo) [READ-ONLY]; UTC +09:00 Asia Yakutsk (asia_slash_yakutsk) [READ-ONLY]; UTC +09:00 Pacific Palau (pacific_slash_palau) [READ-ONLY]; UTC +09:30 Australia Adelaide (australia_slash_adelaide) [READ-ONLY]; UTC +09:30 Australia Broken Hill (australia_slash_broken_hill) [READ-ONLY]; UTC +09:30 Australia Darwin (australia_slash_darwin) [READ-ONLY]; UTC +09:30 Australia North (australia_slash_north) [READ-ONLY]; UTC +09:30 Australia South (australia_slash_south) [READ-ONLY]; UTC +09:30 Australia Yancowinna (australia_slash_yancowinna) [READ-ONLY]; UTC +10:00 Antarctica DumontDUrville (antarctica_slash_dumontdurville) [READ-ONLY]; UTC +10:00 Asia Ust-Nera (asia_slash_ust_hyphen_nera) [READ-ONLY]; UTC +10:00 Asia Vladivostok (asia_slash_vladivostok) [READ-ONLY]; UTC +10:00 Australia ACT (australia_slash_act) [READ-ONLY]; UTC +10:00 Australia Brisbane (australia_slash_brisbane) [READ-ONLY]; UTC +10:00 Australia Canberra (australia_slash_canberra) [READ-ONLY]; UTC +10:00 Australia Currie (australia_slash_currie) [READ-ONLY]; UTC +10:00 Australia Hobart (australia_slash_hobart) [READ-ONLY]; UTC +10:00 Australia Lindeman (australia_slash_lindeman) [READ-ONLY]; UTC +10:00 Australia Melbourne (australia_slash_melbourne) [READ-ONLY]; UTC +10:00 Australia NSW (australia_slash_nsw) [READ-ONLY]; UTC +10:00 Australia Queensland (australia_slash_queensland) [READ-ONLY]; UTC +10:00 Australia Sydney (australia_slash_sydney) [READ-ONLY]; UTC +10:00 Australia Tasmania (australia_slash_tasmania) [READ-ONLY]; UTC +10:00 Australia Victoria (australia_slash_victoria) [READ-ONLY]; UTC +10:00 Pacific Chuuk (pacific_slash_chuuk) [READ-ONLY]; UTC +10:00 Pacific Guam (pacific_slash_guam) [READ-ONLY]; UTC +10:00 Pacific Port Moresby (pacific_slash_port_moresby) [READ-ONLY]; UTC +10:00 Pacific Saipan (pacific_slash_saipan) [READ-ONLY]; UTC +10:00 Pacific Truk (pacific_slash_truk) [READ-ONLY]; UTC +10:00 Pacific Yap (pacific_slash_yap) [READ-ONLY]; UTC +10:30 Australia LHI (australia_slash_lhi) [READ-ONLY]; UTC +10:30 Australia Lord Howe (australia_slash_lord_howe) [READ-ONLY]; UTC +11:00 Antarctica Macquarie (antarctica_slash_macquarie) [READ-ONLY]; UTC +11:00 Asia Magadan (asia_slash_magadan) [READ-ONLY]; UTC +11:00 Asia Sakhalin (asia_slash_sakhalin) [READ-ONLY]; UTC +11:00 Asia Srednekolymsk (asia_slash_srednekolymsk) [READ-ONLY]; UTC +11:00 Pacific Bougainville (pacific_slash_bougainville) [READ-ONLY]; UTC +11:00 Pacific Efate (pacific_slash_efate) [READ-ONLY]; UTC +11:00 Pacific Guadalcanal (pacific_slash_guadalcanal) [READ-ONLY]; UTC +11:00 Pacific Kosrae (pacific_slash_kosrae) [READ-ONLY]; UTC +11:00 Pacific Norfolk (pacific_slash_norfolk) [READ-ONLY]; UTC +11:00 Pacific Noumea (pacific_slash_noumea) [READ-ONLY]; UTC +11:00 Pacific Pohnpei (pacific_slash_pohnpei) [READ-ONLY]; UTC +11:00 Pacific Ponape (pacific_slash_ponape) [READ-ONLY]; UTC +12:00 Antarctica McMurdo (antarctica_slash_mcmurdo) [READ-ONLY]; UTC +12:00 Antarctica South Pole (antarctica_slash_south_pole) [READ-ONLY]; UTC +12:00 Asia Anadyr (asia_slash_anadyr) [READ-ONLY]; UTC +12:00 Asia Kamchatka (asia_slash_kamchatka) [READ-ONLY]; UTC +12:00 Pacific Auckland (pacific_slash_auckland) [READ-ONLY]; UTC +12:00 Pacific Fiji (pacific_slash_fiji) [READ-ONLY]; UTC +12:00 Pacific Funafuti (pacific_slash_funafuti) [READ-ONLY]; UTC +12:00 Pacific Kwajalein (kwajalein) [READ-ONLY]; UTC +12:00 Pacific Majuro (pacific_slash_majuro) [READ-ONLY]; UTC +12:00 Pacific Nauru (pacific_slash_nauru) [READ-ONLY]; UTC +12:00 Pacific Tarawa (pacific_slash_tarawa) [READ-ONLY]; UTC +12:00 Pacific Wake (pacific_slash_wake) [READ-ONLY]; UTC +12:00 Pacific Wallis (pacific_slash_wallis) [READ-ONLY]; UTC +12:45 Pacific Chatham (pacific_slash_chatham) [READ-ONLY]; UTC +13:00 Pacific Apia (pacific_slash_apia) [READ-ONLY]; UTC +13:00 Pacific Enderbury (pacific_slash_enderbury) [READ-ONLY]; UTC +13:00 Pacific Fakaofo (pacific_slash_fakaofo) [READ-ONLY]; UTC +13:00 Pacific Tongatapu (pacific_slash_tongatapu) [READ-ONLY]; UTC +14:00 Pacific Kiritimati (pacific_slash_kiritimati) [READ-ONLY]","false","true","false","false","false","true","HubSpot","Not applicable","","44.11%","",""
"Updated by user ID","hs_updated_by_user_id","number","The user who last updated this record. This value is set automatically by HubSpot.","contactinformation","false","","true","true","false","true","false","true","HubSpot","Not applicable","","89.58%","",""
"WhatsApp BSUIDs","hs_whatsapp_bsuids","string","The WhatsApp BSUIDs associated with the contact’s WhatsApp account keyed by business portfolio ID.","contactinformation","false","","false","true","false","false","false","true","HubSpot","Not applicable","","0%","",""
"WhatsApp Phone Number","hs_whatsapp_phone_number","string","The phone number associated with the contact’s WhatsApp account.","contactinformation","true","","false","true","false","false","false","true","HubSpot","Not applicable","","0%","",""
"Industry","industry","string","The Industry a contact is in","contactinformation","true","","false","false","false","false","false","true","HubSpot","Not applicable","","0%","",""
"Installer Training","installer_training","date","","contactinformation","true","","false","false","false","false","false","false","Unknown user","7/1/22","Create record forms (1); Property cards (1)","0.02%","",""
"Job Title","jobtitle","string","A contact's job title","contactinformation","true","","false","true","false","false","false","true","HubSpot","Not applicable","Forms (4); Create record forms (1); Reports (1); Views (18); Property cards (1)","56.9%","",""
"Last Modified Date","lastmodifieddate","datetime","The date any property on this contact was modified","contactinformation","false","","true","true","false","false","false","true","HubSpot","Not applicable","Lists (1); Workflows (1)","100%","",""
"Last Name","lastname","string","A contact's last name","contactinformation","true","","false","true","false","false","false","true","HubSpot","Not applicable","Forms (47); Workflows (4); Create record forms (1); Reports (1); Views (7); Property cards (1)","79.01%","",""
"LENGTH MEASURE (METRES)","length_measure__metres_","string","","contactinformation","true","","false","false","false","false","false","false","Jason Steer","11/18/24","","3.2%","",""
"Lifecycle Stage","lifecyclestage","enumeration","The qualification of contacts to sales readiness. It can be set through imports, forms, workflows, and manually on a per contact basis.","contactinformation","true","","false","true","false","true","false","true","HubSpot","Not applicable","Workflows (2); Create record forms (1); Reports (2)","93.97%","",""
"Link to Calculator","link_to_calculator","enumeration","","contactinformation","true","/Phoenix-Horizontal-Calc; /Apollo-Zeus-Horizontal-Calc; https://tbafirefly.outgrow.us","false","false","false","false","false","false","Jason Steer","11/18/24","","0.85%","",""
"Link to Calculator App","link_to_calculator_app","enumeration","","contactinformation","true","https://tbafirefly.com/; https://tbafirefly.outgrow.us/Apollo-Zeus-Horizontal-Calc; Not Applicable","false","false","false","false","false","false","Jason Steer","11/18/24","","0%","",""
"Mobile Phone Number","mobilephone","string","A contact's mobile phone number","contactinformation","true","","false","true","false","false","false","true","HubSpot","Not applicable","Forms (1); Lists (1); Workflows (1)","30.92%","",""
"2023 Spend on Firefly","n2023_spend_on_firefly","string","2023 Spend on Firefly","contactinformation","true","","false","false","false","false","false","false","Chris Boam","12/15/23","Forms (2)","0%","",""
"3RD Party Certification","n3rd_party_certification","string","3RD Party Certification ","contactinformation","true","","false","false","false","true","false","false","Chris Boam","12/15/23","Forms (2)","0%","",""
"No formula title","no_formula_title","string","","contactinformation","true","","false","false","false","false","false","false","Jason Steer","12/8/25","","0.09%","",""
"Note","note","string","","contactinformation","true","","false","false","false","false","false","false","Jason Steer","4/9/25","","2.16%","",""
"Number of Firefly Installers","number_of_firefly_installers","number","Number of Firefly Installers","contactinformation","true","","false","false","false","false","false","false","Chris Boam","12/15/23","Forms (2)","0%","",""
"Number of Firefly Projects 2023","number_of_firefly_projects_2023","number","Number of Firefly Projects 2023","contactinformation","true","","false","false","false","false","false","false","Chris Boam","12/15/23","Forms (2)","0%","",""
"NUMBER OF PENETRATIONS","number_of_penetrations","string","","contactinformation","true","","false","false","false","false","false","false","Jason Steer","11/18/24","","4.13%","",""
"Number of Employees","numemployees","enumeration","The number of company employees","contactinformation","true","1-5; 5-25; 25-50; 50-100; 100-500; 500-1000; 1000+","false","false","false","false","false","true","HubSpot","Not applicable","","0%","",""
"PATHNAME","pathname","enumeration","","contactinformation","true","/Apollo-Zeus-Vertical-Calc; /Phoenix-Vertical-Calc; /Titan-Vertical-Calc; /Apollo-Zeus-Horizontal-Calc; /Titan-Horizontal-Calc; /Phoenix-Horizontal-Calc","false","false","false","false","false","false","Jason Steer","10/7/25","","1.34%","",""
"PDF Link","pdf_link","enumeration","","contactinformation","true","Not Applicable","false","false","false","false","false","false","Jason Steer","7/1/25","","0.36%","",""
"Personal Email","personal_email","string","","contactinformation","true","","false","false","false","false","false","false","Ollie Bradley","5/30/23","Forms (1); Workflows (1)","3.3%","",""
"Phoenix","phoenix","enumeration","Product Selector","contactinformation","true","; one; two; three","false","false","false","false","false","false","Simon James","3/16/21","Forms (1)","0%","",""
"Phone Number","phone","string","A contact's primary phone number","contactinformation","true","","false","true","false","false","false","true","HubSpot","Not applicable","Forms (19); Lists (1); Create record forms (1); Views (25); Property cards (1)","33.65%","",""
"Photocard ID","photocard_id","string","","contactinformation","true","","false","false","false","true","false","false","Unknown user","5/31/23","Forms (1); Property cards (1)","3.51%","",""
"Plan to train further Installers 2023","plan_to_train_further_installers_2023","enumeration","Plan to train further Installers 2023","contactinformation","true","Yes; No","false","false","false","false","false","false","Chris Boam","12/15/23","Forms (2)","0%","",""
"Priority","priority","enumeration","","contactinformation","true","High; Medium; Low","false","false","false","false","false","false","Jason Steer","4/9/25","","0.64%","",""
"Product name","product_name","enumeration","","contactinformation","true","FIREFLY™ Apollo Lite 30:30 Fire Barrier; FIREFLY Titan Lite 90:60 Horizontal Fire Barrier; FIREFLY FB180 Ablative Batt 60mm Wall System; FIREFLY Access Panel FR120; FIREFLY FB180 Ablative Batt Floor System; FIREFLY Titan Lite 120:60 Fire Barrier; FIREFLY Collaroll Fire Barrier; FIREFLY Membrane NB A2 Class Barrier; FIREFLY® Fire Collar (FCR); FIREFLY Zeus Lite 90:30 Fire Barrier; FIREFLY Apollo Horizontal 30:30 Fire Barrier; FIREFLY Phoenix Smoke & Flame Barrier; FIREFLY Zeus Horizontal 60:30 Fire Barrier; FIREFLY Roof Cavity Closer; FIREFLY Penowrap Fire Barrier","false","false","false","false","false","false","Jason Steer","12/5/25","","0%","",""
"Project Details (others Textbox)","project_details__others_textbox_","string","","contactinformation","true","","false","false","false","false","false","false","Jason Steer","11/18/24","","4.68%","",""
"Project location","project_location","string","","contactinformation","true","","false","false","false","false","false","false","Jason Steer","12/5/25","","0%","",""
"Project name","project_name","enumeration","","contactinformation","true","Springfield Court; Milton Keynes; Vertically; Horizontally","false","false","false","false","false","false","Jason Steer","12/8/25","","0.09%","",""
"RIBA Workstage","riba_workstage","enumeration","","contactinformation","true","Not set; 1 - Preparation and Briefing; 2 - Concept Design; 3 - Spatial Coordination; 4 - Technical Design; 5 - Manufacturing & Construction; Not shared","false","false","false","false","false","false","Jason Steer","12/5/25","","0%","",""
"Sales Area","sales_area","enumeration","","contactinformation","true","Scotland; North; South; Specialist [HIDDEN]; Head Office; FOTHERSHIELD [HIDDEN]; Midlands/Wales; Ireland","false","false","false","false","false","false","Unknown user","7/1/22","Workflows (8); Reports (2); Views (26); Property cards (1)","50.14%","",""
"Salutation","salutation","string","The title used to address a contact","contactinformation","true","","false","false","false","false","false","true","HubSpot","Not applicable","","0%","",""
"Scan Date","scan_date","string","","contactinformation","true","","false","false","false","false","false","false","Jason Steer","9/23/24","","11.08%","",""
"scanner","scanner","enumeration","","contactinformation","true","Marksiphone; Chris; Worby, Tom Brookes; Tom Brookes; Chris, Marksiphone; Marksiphone, Chris; Worby; Tom Brookes, Chris","false","false","false","false","false","false","Jason Steer","9/23/24","","0.27%","",""
"Scanner Name","scanner_name","enumeration","","contactinformation","true","Daniel Gordon; Andrew Greenwood; David Murray; David Steel; Karthick Govarthanam; Chris Boam; Chris Worby; James Holland","false","false","false","false","false","false","Jason Steer","4/9/25","","1.9%","",""
"Show","show","enumeration","","contactinformation","true","Emergency Services Show 2024","false","false","false","false","false","false","Jason Steer","9/23/24","","0.19%","",""
"Source [SJ]","source","string","","contactinformation","true","","false","false","false","false","false","false","Simon James","4/19/21","Views (2)","2.8%","",""
"Source","source_","enumeration","","contactinformation","true","CPD Event; Exhibition; Technical Enquiry; Web Enquiry/Log In; Sales Contact; Existing; Training","false","false","false","false","false","false","Unknown user","7/1/22","Create record forms (1); Reports (1); Views (4); Property cards (1)","7.33%","",""
"State/Region","state","string","The contact's state of residence. This might be set via import, form, or integration.","contactinformation","true","","false","false","false","false","false","true","HubSpot","Not applicable","","23.96%","",""
"Street Address 2","street_address_2","string","","contactinformation","true","","false","false","false","false","false","false","Simon James","4/19/21","Create record forms (1); Property cards (1)","8.65%","",""
"Street Address 3","street_address_3","string","","contactinformation","true","","false","false","false","false","false","false","Jason Steer","7/1/24","","5.1%","",""
"Suggested tested Scenario's or General Feedback","suggested_tested_scenario_s_or_general_feedback","string","Suggested tested Scenario's or General Feedback","contactinformation","true","","false","false","false","false","false","false","Chris Boam","12/15/23","Forms (2)","0%","",""
"Title Mr/Mrs/Ms","title_mr_mrs_ms","string","","contactinformation","true","","false","false","false","false","false","false","Simon James","2/24/21","Create record forms (1)","29.24%","",""
"Town","town","string","","contactinformation","true","","false","false","false","false","false","false","Simon James","2/24/21","Lists (1); Create record forms (1)","20.62%","",""
"Twitter Username","twitterhandle","string","The contact's Twitter handle.","contactinformation","true","","false","true","false","false","false","true","HubSpot","Not applicable","","0%","",""
"Type of enquiry / CPD","type_of_enquiry___cpd","enumeration","","contactinformation","true","YES","false","false","false","false","false","false","Jason Steer","4/9/25","","0.35%","",""
"Type of enquiry / Installation","type_of_enquiry___installation","enumeration","","contactinformation","true","YES","false","false","false","false","false","false","Jason Steer","4/9/25","","0.33%","",""
"Type of enquiry / International","type_of_enquiry___international","string","","contactinformation","true","","false","false","false","false","false","false","Jason Steer","4/9/25","","0.02%","",""
"Type of enquiry / Specification","type_of_enquiry___specification","enumeration","","contactinformation","true","YES","false","false","false","false","false","false","Jason Steer","4/9/25","","0.11%","",""
"Type of enquiry / Stockist","type_of_enquiry___stockist","enumeration","","contactinformation","true","YES","false","false","false","false","false","false","Jason Steer","4/9/25","","0.05%","",""
"Type of enquiry / Technical","type_of_enquiry___technical","enumeration","","contactinformation","true","YES","false","false","false","false","false","false","Jason Steer","4/9/25","","0.36%","",""
"Type of lead / enquiry","type_of_lead___enquiry","enumeration","","contactinformation","true","Technical [Andy Greenwood]; Installer [Andy Greenwood]; Specification [Andy Greenwood]; CPD [Andy Greenwood]; Other [Andy Greenwood]; CPD, Installer [CB Personal]; CPD [CB Personal]; CPD, Technical [CB Personal]; CPD, Installer, Stockist [CB Personal]; CPD, Stockist, Installer [CB Personal]; CPD, Technical, Specification [Chris Worby]; CPD, Specification [Chris Worby]; CPD, Technical [Chris Worby]; CPD [Chris Worby]; CPD, Specification, Other [Chris Worby]; Technical, Specification, Other [Chris Worby]; Installer, Specification [Chris Worby]; Technical [Chris Worby]; Technical, Other [Chris Worby]; Stockist [Chris Worby]; Technical, CPD, Specification [Chris Worby]; Technical [CB Personal]; CPD, International [CB Personal]; Technical, Specification, International [Chris Worby]; Specification, International, Technical [Chris Worby]; Other, International [Chris Worby]; Specification, Technical [Andy Greenwood]; Installer [CB Personal]","false","false","false","false","false","false","Jason Steer","5/12/25","","0.76%","",""
"Unique Results URL","unique_results_url","string","","contactinformation","true","","false","false","false","false","false","false","Jason Steer","11/18/24","","4.33%","",""
"Website URL","website","string","Associated company website.","contactinformation","true","","false","true","false","false","false","true","HubSpot","Not applicable","","2.69%","",""
"WIDTH MEASURE (METRES)","width_measure__metres_","enumeration","","contactinformation","true","15; 6; 4; 1; 5; 7; 10; 2; 32; 12; 0.6; 31000; 8m; 50; 2.1; 3; 100; Not Answered; 0; 170; 30; 8; 40; 9; 20; 43; 25; 35; 75","false","false","false","false","false","false","Jason Steer","11/18/24","","1.86%","",""
"Years of Experience in Passive Fire Protection","years_of_experience_in_passive_fire_protection","number","","contactinformation","true","","false","false","false","false","false","false","Ollie Bradley","5/31/23","Forms (1)","3.14%","",""
"Years of Experience installing FIREFLY™","years_of_experience_installing_firefly_","number","","contactinformation","true","","false","false","false","false","false","false","Ollie Bradley","5/31/23","Forms (1)","3.1%","",""
"Postal Code","zip","string","The contact's zip code. This might be set via import, form, or integration.","contactinformation","true","","false","true","false","false","false","true","HubSpot","Not applicable","Lists (3); Workflows (5); Create record forms (1); Views (1); Property cards (1)","42.41%","",""
"Cumulative time in ""Customer (Lifecycle Stage Pipeline)""","hs_v2_cumulative_time_in_customer","number","The cumulative time in seconds spent by the contact in the 'Customer' stage, 'Lifecycle Stage Pipeline' pipeline","contactlcs","false","","true","true","false","false","false","true","HubSpot","Not applicable","","0%","",""
"Cumulative time in ""Evangelist (Lifecycle Stage Pipeline)""","hs_v2_cumulative_time_in_evangelist","number","The cumulative time in seconds spent by the contact in the 'Evangelist' stage, 'Lifecycle Stage Pipeline' pipeline","contactlcs","false","","true","true","false","false","false","true","HubSpot","Not applicable","","0%","",""
"Cumulative time in ""Lead (Lifecycle Stage Pipeline)""","hs_v2_cumulative_time_in_lead","number","The cumulative time in seconds spent by the contact in the 'Lead' stage, 'Lifecycle Stage Pipeline' pipeline","contactlcs","false","","true","true","false","false","false","true","HubSpot","Not applicable","","3.72%","",""
"Cumulative time in ""Marketing Qualified Lead (Lifecycle Stage Pipeline)""","hs_v2_cumulative_time_in_marketingqualifiedlead","number","The cumulative time in seconds spent by the contact in the 'Marketing Qualified Lead' stage, 'Lifecycle Stage Pipeline' pipeline","contactlcs","false","","true","true","false","false","false","true","HubSpot","Not applicable","","0%","",""
"Cumulative time in ""Opportunity (Lifecycle Stage Pipeline)""","hs_v2_cumulative_time_in_opportunity","number","The cumulative time in seconds spent by the contact in the 'Opportunity' stage, 'Lifecycle Stage Pipeline' pipeline","contactlcs","false","","true","true","false","false","false","true","HubSpot","Not applicable","","0.01%","",""
"Cumulative time in ""Other (Lifecycle Stage Pipeline)""","hs_v2_cumulative_time_in_other","number","The cumulative time in seconds spent by the contact in the 'Other' stage, 'Lifecycle Stage Pipeline' pipeline","contactlcs","false","","true","true","false","false","false","true","HubSpot","Not applicable","","0%","",""
"Cumulative time in ""Sales Qualified Lead (Lifecycle Stage Pipeline)""","hs_v2_cumulative_time_in_salesqualifiedlead","number","The cumulative time in seconds spent by the contact in the 'Sales Qualified Lead' stage, 'Lifecycle Stage Pipeline' pipeline","contactlcs","false","","true","true","false","false","false","true","HubSpot","Not applicable","","0%","",""
"Cumulative time in ""Subscriber (Lifecycle Stage Pipeline)""","hs_v2_cumulative_time_in_subscriber","number","The cumulative time in seconds spent by the contact in the 'Subscriber' stage, 'Lifecycle Stage Pipeline' pipeline","contactlcs","false","","true","true","false","false","false","true","HubSpot","Not applicable","","0.12%","",""
"Date entered current stage","hs_v2_date_entered_current_stage","datetime","The date this object entered its current pipeline stage","contactlcs","false","","true","true","true","false","false","true","HubSpot","Not applicable","","81.56%","",""
"Date entered ""Customer (Lifecycle Stage Pipeline)""","hs_v2_date_entered_customer","datetime","The date and time when the contact entered the 'Customer' stage, 'Lifecycle Stage Pipeline' pipeline","contactlcs","false","","true","true","false","false","false","true","HubSpot","Not applicable","","0.03%","",""
"Date entered ""Evangelist (Lifecycle Stage Pipeline)""","hs_v2_date_entered_evangelist","datetime","The date and time when the contact entered the 'Evangelist' stage, 'Lifecycle Stage Pipeline' pipeline","contactlcs","false","","true","true","false","false","false","true","HubSpot","Not applicable","","0%","",""
"Date entered ""Lead (Lifecycle Stage Pipeline)""","hs_v2_date_entered_lead","datetime","The date and time when the contact entered the 'Lead' stage, 'Lifecycle Stage Pipeline' pipeline","contactlcs","false","","true","true","false","false","false","true","HubSpot","Not applicable","","92.82%","",""
"Date entered ""Marketing Qualified Lead (Lifecycle Stage Pipeline)""","hs_v2_date_entered_marketingqualifiedlead","datetime","The date and time when the contact entered the 'Marketing Qualified Lead' stage, 'Lifecycle Stage Pipeline' pipeline","contactlcs","false","","true","true","false","false","false","true","HubSpot","Not applicable","","0%","",""
"Date entered ""Opportunity (Lifecycle Stage Pipeline)""","hs_v2_date_entered_opportunity","datetime","The date and time when the contact entered the 'Opportunity' stage, 'Lifecycle Stage Pipeline' pipeline","contactlcs","false","","true","true","false","false","false","true","HubSpot","Not applicable","","1.8%","",""
"Date entered ""Other (Lifecycle Stage Pipeline)""","hs_v2_date_entered_other","datetime","The date and time when the contact entered the 'Other' stage, 'Lifecycle Stage Pipeline' pipeline","contactlcs","false","","true","true","false","false","false","true","HubSpot","Not applicable","","0.04%","",""
"Date entered ""Sales Qualified Lead (Lifecycle Stage Pipeline)""","hs_v2_date_entered_salesqualifiedlead","datetime","The date and time when the contact entered the 'Sales Qualified Lead' stage, 'Lifecycle Stage Pipeline' pipeline","contactlcs","false","","true","true","false","false","false","true","HubSpot","Not applicable","","0.03%","",""
"Date entered ""Subscriber (Lifecycle Stage Pipeline)""","hs_v2_date_entered_subscriber","datetime","The date and time when the contact entered the 'Subscriber' stage, 'Lifecycle Stage Pipeline' pipeline","contactlcs","false","","true","true","false","false","false","true","HubSpot","Not applicable","","1.07%","",""
"Date exited ""Customer (Lifecycle Stage Pipeline)""","hs_v2_date_exited_customer","datetime","The date and time when the contact exited the 'Customer' stage, 'Lifecycle Stage Pipeline' pipeline","contactlcs","false","","true","true","false","false","false","true","HubSpot","Not applicable","","0%","",""
"Date exited ""Evangelist (Lifecycle Stage Pipeline)""","hs_v2_date_exited_evangelist","datetime","The date and time when the contact exited the 'Evangelist' stage, 'Lifecycle Stage Pipeline' pipeline","contactlcs","false","","true","true","false","false","false","true","HubSpot","Not applicable","","0%","",""
"Date exited ""Lead (Lifecycle Stage Pipeline)""","hs_v2_date_exited_lead","datetime","The date and time when the contact exited the 'Lead' stage, 'Lifecycle Stage Pipeline' pipeline","contactlcs","false","","true","true","false","false","false","true","HubSpot","Not applicable","","1.7%","",""
"Date exited ""Marketing Qualified Lead (Lifecycle Stage Pipeline)""","hs_v2_date_exited_marketingqualifiedlead","datetime","The date and time when the contact exited the 'Marketing Qualified Lead' stage, 'Lifecycle Stage Pipeline' pipeline","contactlcs","false","","true","true","false","false","false","true","HubSpot","Not applicable","","0%","",""
"Date exited ""Opportunity (Lifecycle Stage Pipeline)""","hs_v2_date_exited_opportunity","datetime","The date and time when the contact exited the 'Opportunity' stage, 'Lifecycle Stage Pipeline' pipeline","contactlcs","false","","true","true","false","false","false","true","HubSpot","Not applicable","","0.01%","",""
"Date exited ""Other (Lifecycle Stage Pipeline)""","hs_v2_date_exited_other","datetime","The date and time when the contact exited the 'Other' stage, 'Lifecycle Stage Pipeline' pipeline","contactlcs","false","","true","true","false","false","false","true","HubSpot","Not applicable","","0%","",""
"Date exited ""Sales Qualified Lead (Lifecycle Stage Pipeline)""","hs_v2_date_exited_salesqualifiedlead","datetime","The date and time when the contact exited the 'Sales Qualified Lead' stage, 'Lifecycle Stage Pipeline' pipeline","contactlcs","false","","true","true","false","false","false","true","HubSpot","Not applicable","","0%","",""
"Date exited ""Subscriber (Lifecycle Stage Pipeline)""","hs_v2_date_exited_subscriber","datetime","The date and time when the contact exited the 'Subscriber' stage, 'Lifecycle Stage Pipeline' pipeline","contactlcs","false","","true","true","false","false","false","true","HubSpot","Not applicable","","0.12%","",""
"Latest time in ""Customer (Lifecycle Stage Pipeline)""","hs_v2_latest_time_in_customer","number","The total time in seconds spent by the contact in the 'Customer' stage, 'Lifecycle Stage Pipeline' pipeline since it last entered this stage","contactlcs","false","","true","true","false","false","false","true","HubSpot","Not applicable","","0%","",""
"Latest time in ""Evangelist (Lifecycle Stage Pipeline)""","hs_v2_latest_time_in_evangelist","number","The total time in seconds spent by the contact in the 'Evangelist' stage, 'Lifecycle Stage Pipeline' pipeline since it last entered this stage","contactlcs","false","","true","true","false","false","false","true","HubSpot","Not applicable","","0%","",""
"Latest time in ""Lead (Lifecycle Stage Pipeline)""","hs_v2_latest_time_in_lead","number","The total time in seconds spent by the contact in the 'Lead' stage, 'Lifecycle Stage Pipeline' pipeline since it last entered this stage","contactlcs","false","","true","true","false","false","false","true","HubSpot","Not applicable","","1.7%","",""
"Latest time in ""Marketing Qualified Lead (Lifecycle Stage Pipeline)""","hs_v2_latest_time_in_marketingqualifiedlead","number","The total time in seconds spent by the contact in the 'Marketing Qualified Lead' stage, 'Lifecycle Stage Pipeline' pipeline since it last entered this stage","contactlcs","false","","true","true","false","false","false","true","HubSpot","Not applicable","","0%","",""
"Latest time in ""Opportunity (Lifecycle Stage Pipeline)""","hs_v2_latest_time_in_opportunity","number","The total time in seconds spent by the contact in the 'Opportunity' stage, 'Lifecycle Stage Pipeline' pipeline since it last entered this stage","contactlcs","false","","true","true","false","false","false","true","HubSpot","Not applicable","","0.01%","",""
"Latest time in ""Other (Lifecycle Stage Pipeline)""","hs_v2_latest_time_in_other","number","The total time in seconds spent by the contact in the 'Other' stage, 'Lifecycle Stage Pipeline' pipeline since it last entered this stage","contactlcs","false","","true","true","false","false","false","true","HubSpot","Not applicable","","0%","",""
"Latest time in ""Sales Qualified Lead (Lifecycle Stage Pipeline)""","hs_v2_latest_time_in_salesqualifiedlead","number","The total time in seconds spent by the contact in the 'Sales Qualified Lead' stage, 'Lifecycle Stage Pipeline' pipeline since it last entered this stage","contactlcs","false","","true","true","false","false","false","true","HubSpot","Not applicable","","0%","",""
"Latest time in ""Subscriber (Lifecycle Stage Pipeline)""","hs_v2_latest_time_in_subscriber","number","The total time in seconds spent by the contact in the 'Subscriber' stage, 'Lifecycle Stage Pipeline' pipeline since it last entered this stage","contactlcs","false","","true","true","false","false","false","true","HubSpot","Not applicable","","0.12%","",""
"Time in current stage","hs_v2_time_in_current_stage","datetime","The time this object has spent in the current pipeline stage","contactlcs","false","","true","true","true","false","false","true","HubSpot","Not applicable","","81.56%","",""
"Member has accessed private content","hs_membership_has_accessed_private_content","number","1 if a member has accessed any private content, 0 or null if not","contactscripted","false","","true","true","true","false","false","true","HubSpot","Not applicable","","68.81%","",""
"Registered member","hs_registered_member","number","Whether or not a contact is registered","contactscripted","false","","true","true","true","false","false","true","HubSpot","Not applicable","","100%","",""
"Facebook click id","hs_facebook_click_id","string","","conversioninformation","false","","false","true","false","false","false","true","HubSpot","Not applicable","","0%","",""
"Google ad click id","hs_google_click_id","string","","conversioninformation","false","","false","true","false","false","false","true","HubSpot","Not applicable","","0.2%","",""
"IP Timezone","hs_ip_timezone","string","The timezone reported by a contact's IP address. This is automatically set by HubSpot and can be used for segmentation and reporting.","conversioninformation","false","","true","true","false","false","false","true","HubSpot","Not applicable","","44.11%","",""
"LinkedIn click id","hs_linkedin_click_id","string","The li_fat_id url parameter extracted from the Activity recorded when a visitor lands on a tracked webpage","conversioninformation","false","","false","true","false","false","false","true","HubSpot","Not applicable","","0%","",""
"TikTok click id","hs_tiktok_click_id","string","The ttclid url parameter extracted from the Activity recorded when a visitor lands on a tracked webpage","conversioninformation","false","","false","true","false","false","false","true","HubSpot","Not applicable","","0%","",""
"IP City","ip_city","string","The city reported by a contact's IP address. This is automatically set by HubSpot and can be used for segmentation and reporting.","conversioninformation","false","","true","true","false","false","false","true","HubSpot","Not applicable","","16.93%","",""
"IP Country","ip_country","string","The country reported by a contact's IP address. This is automatically set by HubSpot and can be used for segmentation and reporting.","conversioninformation","false","","true","true","false","false","false","true","HubSpot","Not applicable","Lists (1)","44.11%","",""
"IP Country Code","ip_country_code","string","The country code reported by a contact's IP address. This is automatically set by HubSpot and can be used for segmentation and reporting.","conversioninformation","false","","true","true","false","false","false","true","HubSpot","Not applicable","","44.11%","",""
"IP State/Region","ip_state","string","The state or region reported by a contact's IP address. This is automatically set by HubSpot and can be used for segmentation and reporting.","conversioninformation","false","","true","true","false","false","false","true","HubSpot","Not applicable","","22.38%","",""
"IP State Code/Region Code","ip_state_code","string","The state code or region code reported by a contact's IP address. This is automatically set by HubSpot and can be used for segmentation and reporting.","conversioninformation","false","","true","true","false","false","false","true","HubSpot","Not applicable","","21.23%","",""
"Number of Form Submissions","num_conversion_events","number","The number of forms this contact has submitted","conversioninformation","false","","true","true","true","false","false","true","HubSpot","Not applicable","","100%","",""
"Number of Unique Forms Submitted","num_unique_conversion_events","number","The number of different forms this contact has submitted","conversioninformation","false","","true","true","true","false","false","true","HubSpot","Not applicable","","100%","",""
"Recent Conversion Date","recent_conversion_date","datetime","The date this contact last submitted a form","conversioninformation","false","","true","true","true","false","false","true","HubSpot","Not applicable","","13.87%","",""
"Recent Conversion","recent_conversion_event_name","string","The last form this contact submitted","conversioninformation","false","","true","true","true","false","false","true","HubSpot","Not applicable","","13.87%","",""
"Close Date","closedate","datetime","Date the  contact  became  a  customer. Set automatically when a deal or opportunity is marked as closed-won. It can also be set manually or programmatically.","deal_information","false","","false","true","false","false","false","true","HubSpot","Not applicable","","0.03%","",""
"Days To Close","days_to_close","number","Count of days elapsed between creation and being closed as a customer. Set automatically.","deal_information","false","","true","true","true","false","false","true","HubSpot","Not applicable","","0.03%","",""
"First Deal Created Date","first_deal_created_date","datetime","Date first deal was created for contact. Set automatically.","deal_information","false","","true","true","false","false","false","true","HubSpot","Not applicable","","0.8%","",""
"Buying Role","hs_buying_role","enumeration","Role the contact plays during the sales process. Contacts can have multiple roles, and can share roles with others.","deal_information","true","Blocker (BLOCKER) [READ-ONLY]; Budget Holder (BUDGET_HOLDER) [READ-ONLY]; Champion (CHAMPION) [READ-ONLY]; Decision Maker (DECISION_MAKER) [READ-ONLY]; End User (END_USER) [READ-ONLY]; Executive Sponsor (EXECUTIVE_SPONSOR) [READ-ONLY]; Influencer (INFLUENCER) [READ-ONLY]; Legal & Compliance (LEGAL_AND_COMPLIANCE) [READ-ONLY]; Other (OTHER) [READ-ONLY]","false","true","false","false","false","true","HubSpot","Not applicable","","0%","",""
"Number of Associated Deals","num_associated_deals","number","Count of deals associated with this contact. Set automatically by HubSpot.","deal_information","false","","true","true","false","false","false","true","HubSpot","Not applicable","","0.8%","",""
"Recent Deal Amount","recent_deal_amount","number","Amount of last closed won deal associated with a contact. Set automatically.","deal_information","false","","true","true","false","false","false","true","HubSpot","Not applicable","","0%","",""
"Recent Deal Close Date","recent_deal_close_date","datetime","Date last deal associated with contact was closed-won. Set automatically.","deal_information","false","","true","true","false","false","false","true","HubSpot","Not applicable","","0%","",""
"Total Revenue","total_revenue","number","Sum of all closed-won deal revenue associated with the contact. Set automatically.","deal_information","false","","true","true","false","false","false","true","HubSpot","Not applicable","","0%","",""
"Invalid email address","hs_email_bad_address","bool","The email address associated with this contact is invalid.","emailinformation","false","True (true); False (false)","true","true","false","false","false","true","HubSpot","Not applicable","","0.03%","",""
"Marketing emails bounced","hs_email_bounce","number","The number of marketing emails that bounced for the current email address. This is automatically set by HubSpot.","emailinformation","false","","true","true","false","false","false","true","HubSpot","Not applicable","","7.17%","",""
"Marketing emails clicked","hs_email_click","number","The number of marketing emails which have had link clicks for the current email address. This is automatically set by HubSpot.","emailinformation","false","","true","true","false","false","false","true","HubSpot","Not applicable","","17.91%","",""
"Email address quarantine reason","hs_email_customer_quarantined_reason","enumeration","The reason why the email address has been quarantined.","emailinformation","false","Suspension Remediation (SUSPENSION_REMEDIATION) [READ-ONLY]; Blocklist Remediation (BLOCKLIST_REMEDIATION) [READ-ONLY]; Trust & Safety Remediation (TRUST_SAFETY_REMEDIATION) [READ-ONLY]","false","true","false","false","false","true","HubSpot","Not applicable","","0%","",""
"Marketing emails delivered","hs_email_delivered","number","The number of marketing emails delivered for the current email address. This is automatically set by HubSpot.","emailinformation","false","","true","true","false","false","false","true","HubSpot","Not applicable","Lists (1)","72.81%","",""
"First marketing email click date","hs_email_first_click_date","datetime","The date of the earliest link click for any marketing email to the current email address. This is automatically set by HubSpot.","emailinformation","false","","true","true","false","false","false","true","HubSpot","Not applicable","","17.89%","",""
"First marketing email open date","hs_email_first_open_date","datetime","The date of the earliest open for any marketing email to the current email address. This is automatically set by HubSpot.","emailinformation","false","","true","true","false","false","false","true","HubSpot","Not applicable","","41.06%","",""
"First marketing email reply date","hs_email_first_reply_date","datetime","The date of the earliest reply for any marketing email to the current email address. This is automatically set by HubSpot.","emailinformation","false","","true","true","false","false","false","true","HubSpot","Not applicable","","0.23%","",""
"First marketing email send date","hs_email_first_send_date","datetime","The date of the earliest delivery for any marketing email to the current email address. This is automatically set by HubSpot.","emailinformation","false","","true","true","false","false","false","true","HubSpot","Not applicable","","72.8%","",""
"Email hard bounce reason","hs_email_hard_bounce_reason_enum","enumeration","The issue that caused a contact to hard bounce from your emails. If this is an error or a temporary issue, you can unbounce this contact from the contact record.","emailinformation","false","Content (CONTENT) [READ-ONLY]; Mailbox full (MAILBOX_FULL) [READ-ONLY]; Other (OTHER) [READ-ONLY]; Policy (POLICY) [READ-ONLY]; Spam (SPAM) [READ-ONLY]; Unknown user (UNKNOWN_USER) [READ-ONLY]","true","true","false","false","false","true","HubSpot","Not applicable","","6.97%","",""
"Last marketing email click date","hs_email_last_click_date","datetime","The date of the most recent link click for any marketing email to the current email address. This is automatically set by HubSpot.","emailinformation","false","","true","true","false","false","false","true","HubSpot","Not applicable","","17.92%","",""
"Last marketing email name","hs_email_last_email_name","string","The name of the last marketing email sent to the current email address. This is automatically set by HubSpot.","emailinformation","false","","true","true","false","false","false","true","HubSpot","Not applicable","","75.25%","",""
"Last marketing email open date","hs_email_last_open_date","datetime","The date of the most recent open for any marketing email to the current email address. This is automatically set by HubSpot.","emailinformation","false","","true","true","false","false","false","true","HubSpot","Not applicable","","41.18%","",""
"Last marketing email reply date","hs_email_last_reply_date","datetime","The date of the latest reply for any marketing email to the current email address. This is automatically set by HubSpot.","emailinformation","false","","true","true","false","false","false","true","HubSpot","Not applicable","","0.23%","",""
"Last marketing email send date","hs_email_last_send_date","datetime","The date of the most recent delivery for any marketing email to the current email address. This is automatically set by HubSpot.","emailinformation","false","","true","true","false","false","false","true","HubSpot","Not applicable","","72.81%","",""
"Marketing emails opened","hs_email_open","number","The number of marketing emails opened for the current email address. This is automatically set by HubSpot.","emailinformation","false","","true","true","false","false","false","true","HubSpot","Not applicable","Lists (2)","41.14%","",""
"Unsubscribed from all email","hs_email_optout","bool","Indicates that the current email address has opted out of all email.","emailinformation","false","True (true); False (false)","true","true","false","false","false","true","HubSpot","Not applicable","","4.29%","",""
"Opted out of email: Marketing Information","hs_email_optout_11578667","enumeration","Indicates that the current email address has opted out of this email type.","emailinformation","false","No (false); Yes (true)","true","true","false","false","false","true","HubSpot","Not applicable","","5.33%","",""
"Opted out of email: Customer Service Communication","hs_email_optout_40670839","enumeration","Indicates that the current email address has opted out of this email type.","emailinformation","false","No (false); Yes (true)","true","true","false","false","false","true","HubSpot","Not applicable","","4.29%","",""
"Opted out of email: One to One","hs_email_optout_48149034","enumeration","Indicates that the current email address has opted out of this email type.","emailinformation","false","No (false); Yes (true)","true","true","false","false","false","true","HubSpot","Not applicable","","4.29%","",""
"Email Address Quarantined","hs_email_quarantined","bool","Indicates that the current email address has been quarantined for anti-abuse reasons and any marketing email sends to it will be blocked. This is automatically set by HubSpot.","emailinformation","false","True (true); False (false)","true","true","false","false","false","true","HubSpot","Not applicable","","0.24%","",""
"Email address automated quarantine reason","hs_email_quarantined_reason","enumeration","The automated reason why the email address has been quarantined.","emailinformation","false","Suspicious List Import (ON_LIST_IMPORT) [READ-ONLY]; High Hard Bounce Rate (HIGH_HARD_BOUNCE_RATE) [READ-ONLY]; Multiple Cancelled Campaigns (MULTIPLE_CANCELLED_CAMPAIGNS) [READ-ONLY]; Suspicious Form Activity (FORM_ABUSE) [READ-ONLY]; Recipient Complaint (RECIPIENT_COMPLAINT) [READ-ONLY]; Suspension Remediation (SUSPENSION_REMEDIATION) [READ-ONLY]; Blocklist Remediation (BLOCKLIST_REMEDIATION) [READ-ONLY]; Trust & Safety Remediation (TRUST_SAFETY_REMEDIATION) [READ-ONLY]; Other (OTHER) [READ-ONLY]; Undeliverable Email Address (UNDELIVERABLE_ADDRESS) [READ-ONLY]; Microsoft Undeliverable - Microsoft reports that address is inactive (MICROSOFT_UNDELIVERABLE)","true","true","false","false","false","true","HubSpot","Not applicable","","0.24%","",""
"Marketing emails replied","hs_email_replied","number","The number of marketing emails replied to by the current email address. This is automatically set by HubSpot.","emailinformation","false","","true","true","false","false","false","true","HubSpot","Not applicable","","0.23%","",""
"Sends Since Last Engagement","hs_email_sends_since_last_engagement","number","The number of marketing emails that have been sent to the current email address since the last engagement (open or link click). This is automatically set by HubSpot.","emailinformation","false","","true","true","false","false","false","true","HubSpot","Not applicable","Lists (1)","75.25%","",""
"Email type","hs_email_type","enumeration","Used to determine if a given property is a personal email or work email","emailinformation","false","Personal (personal); Work (work)","false","false","false","false","false","true","HubSpot","Not applicable","","42.62%","",""
"Marketing email confirmation status","hs_emailconfirmationstatus","enumeration","The status of a contact's eligibility to receive marketing email. This is automatically set by HubSpot.","emailinformation","false","Confirmed; Confirmation Pending; Confirmation Email Sent; User clicked confirmation; HubSpot Rep. marked confirmed; Customer marked confirmed; Confirmed from previous behavior; Confirmed due to form","true","true","false","false","false","true","HubSpot","Not applicable","","0%","",""
"Enriched Email Bounce Detected (Deprecated)","hs_enriched_email_bounce_detected","bool","Bounce Detected attribute is no longer being populated/updated after 10/31/2025. In order to receive signals about an email address becoming undeliverable or no longer valid for the contact, please use Intent Signals.","emailinformation","false","Yes (true); No (false)","false","true","false","false","false","true","HubSpot","Not applicable","","0%","",""
"Legal basis for processing contact's data","hs_legal_basis","enumeration","Legal basis for processing contact's data; 'Not applicable' will exempt the contact from GDPR protections","emailinformation","false","Legitimate interest - Lead (Legitimate interest – prospect/lead) [READ-ONLY]; Legitimate interest - Customer (Legitimate interest – existing customer) [READ-ONLY]; Legitimate interest - Other (Legitimate interest - other) [READ-ONLY]; Performance of a contract [READ-ONLY]; Freely given consent from contact [READ-ONLY]; Not applicable [READ-ONLY]","false","true","false","false","false","true","HubSpot","Not applicable","","0%","",""
"Quarantined Emails","hs_quarantined_emails","string","Lists all emails associated with this contact that have been quarantined, with a source and reason.","emailinformation","false","","true","true","false","false","false","true","HubSpot","Not applicable","","0.27%","",""
"Contact to be invoiced?","contact_to_be_invoiced_","enumeration","","eventbrite","true","Yes (true); No (false)","false","false","false","false","false","false","Ollie Bradley","5/9/23","Workflows (3)","4.12%","",""
"Course Attended?","course_attended_","enumeration","","eventbrite","true","; Yes","false","false","false","false","false","false","Ollie Bradley","5/5/23","Lists (1); Workflows (1); Property cards (1)","1.18%","",""
"Course Attendee?","course_attendee_","string","","eventbrite","true","","false","false","false","false","false","false","Ollie Bradley","5/5/23","Workflows (3); Property cards (1)","4.81%","",""
"Course Attendee Status","course_attendee_status","enumeration","","eventbrite","true","; Registered; Course Completed; Cancelled; No Show","false","false","false","false","false","false","Ollie Bradley","5/5/23","Workflows (1); Property cards (1)","0.5%","",""
"Course Booker?","course_booker_","string","","eventbrite","true","","false","false","false","false","false","false","Ollie Bradley","5/5/23","Workflows (3); Property cards (1)","1.29%","",""
"Date Course Completed","date_course_completed","date","","eventbrite","true","","false","false","false","false","false","false","Ollie Bradley","5/5/23","Workflows (1); Property cards (1)","1.18%","",""
"Date For Requalification","date_for_requalification","date","","eventbrite","true","","false","false","false","false","false","false","Ollie Bradley","5/5/23","Workflows (1); Property cards (1)","4.61%","",""
"Dietary Requirements","dietary_requirements","string","","eventbrite","true","","false","false","false","false","false","false","Ollie Bradley","5/5/23","Workflows (1); Property cards (1)","0.04%","",""
"Event Address/Location","event_address_location","string","","eventbrite","true","","false","false","false","false","false","false","Ollie Bradley","5/5/23","Workflows (2); Emails (3)","4.86%","",""
"Event Area","event_area","string","","eventbrite","true","","false","false","false","false","false","false","Ollie Bradley","5/5/23","Workflows (3); Emails (4); Property cards (1)","3.98%","",""
"Event Date","event_date","date","","eventbrite","true","","false","false","false","false","false","false","Ollie Bradley","5/5/23","Workflows (6); Emails (5); Property cards (1)","5.79%","",""
"Event ID","event_id","string","","eventbrite","true","","false","false","false","false","false","false","Ollie Bradley","5/5/23","Workflows (1)","0.68%","",""
"Event Name","event_name","string","","eventbrite","true","","false","false","false","false","false","false","Ollie Bradley","5/5/23","Workflows (1)","1.81%","",""
"Event URL","event_url","string","","eventbrite","true","","false","false","false","false","false","false","Ollie Bradley","5/5/23","Workflows (1)","0.68%","",""
"Fee Paid","fee_paid","string","","eventbrite","true","","false","false","false","false","false","false","Ollie Bradley","5/5/23","Workflows (4); Property cards (1)","0.68%","",""
"Last Registered Event","hs_eventbrite_lastregisteredevent","string","","eventbrite","false","","true","true","false","false","false","true","HubSpot","Not applicable","","4.85%","",""
"Last Registered Event Date","hs_eventbrite_lastregisteredeventdate","datetime","","eventbrite","false","","true","true","false","false","false","true","HubSpot","Not applicable","","4.85%","",""
"Order Number","order_number","string","","eventbrite","true","","false","false","false","false","false","false","Ollie Bradley","5/5/23","Workflows (3); Property cards (1)","0.68%","",""
"Ticket Price","ticket_price","string","","eventbrite","true","","false","false","false","false","false","false","Ollie Bradley","5/5/23","Workflows (1); Property cards (1)","0.68%","",""
"Company size","company_size","string","Contact's company size. Required for the Facebook Ads Integration. Automatically synced from the Lead Ads tool.","facebook_ads_properties","true","","false","false","false","false","false","true","HubSpot","Not applicable","","0%","",""
"Date of birth","date_of_birth","string","Contact's date of birth. Required for the Facebook Ads Integration. Automatically synced from the Lead Ads tool.","facebook_ads_properties","true","","false","false","false","false","false","true","HubSpot","Not applicable","","0%","",""
"Degree","degree","string","Contact's degree. Required for the Facebook Ads Integration. Automatically synced from the Lead Ads tool.","facebook_ads_properties","true","","false","false","false","false","false","true","HubSpot","Not applicable","","0%","",""
"Field of study","field_of_study","string","Contact's field of study. Required for the Facebook Ads Integration. Automatically synced from the Lead Ads tool.","facebook_ads_properties","true","","false","false","false","false","false","true","HubSpot","Not applicable","","0%","",""
"Gender","gender","string","Contact's gender. Required for the Facebook Ads Integration. Automatically synced from the Lead Ads tool.","facebook_ads_properties","true","","false","false","false","false","false","true","HubSpot","Not applicable","","0%","",""
"Graduation date","graduation_date","string","Contact's graduation date. Required for the Facebook Ads Integration. Automatically synced from the Lead Ads tool.","facebook_ads_properties","true","","false","false","false","false","false","true","HubSpot","Not applicable","","0%","",""
"Job function","job_function","string","Contact's job function. Required for the Facebook Ads Integration. Automatically synced from the Lead Ads tool.","facebook_ads_properties","true","","false","false","false","false","false","true","HubSpot","Not applicable","","7.31%","",""
"Marital Status","marital_status","string","Contact's marital status. Required for the Facebook Ads Integration. Automatically synced from the Lead Ads tool.","facebook_ads_properties","true","","false","false","false","false","false","true","HubSpot","Not applicable","","0%","",""
"Military status","military_status","string","Contact's military status. Required for the Facebook Ads Integration. Automatically synced from the Lead Ads tool.","facebook_ads_properties","true","","false","false","false","false","false","true","HubSpot","Not applicable","","0%","",""
"Relationship Status","relationship_status","string","Contact's relationship status. Required for the Facebook Ads Integration. Automatically synced from the Lead Ads tool.","facebook_ads_properties","true","","false","false","false","false","false","true","HubSpot","Not applicable","","0%","",""
"School","school","string","Contact's school. Required for the Facebook Ads Integration. Automatically synced from the Lead Ads tool.","facebook_ads_properties","true","","false","false","false","false","false","true","HubSpot","Not applicable","","0%","",""
"Seniority","seniority","string","Contact's seniority. Required for the Facebook Ads Integration. Automatically synced from the Lead Ads tool.","facebook_ads_properties","true","","false","false","false","false","false","true","HubSpot","Not applicable","","0%","",""
"Start date","start_date","string","Contact's start date. Required for the Facebook Ads Integration. Automatically synced from the Lead Ads tool.","facebook_ads_properties","true","","false","false","false","false","false","true","HubSpot","Not applicable","","0.26%","",""
"Work email","work_email","string","Contact's work email. Required for the Facebook Ads Integration. Automatically synced from the Lead Ads tool.","facebook_ads_properties","true","","false","false","false","false","false","true","HubSpot","Not applicable","","0%","",""
"Did the trainer effectively communicate the concepts and instructions during the training?","did_the_trainer_effectively_communicate_the_concepts_and_instructions_during_the_training_","enumeration","","firefly_installation_course_feedback","true","Yes, the trainer was clear and easy to understand; The trainer was mostly clear, but some areas were confusing; No, the trainer's communication was unclear","false","false","false","false","false","false","Ollie Bradley","5/31/23","Forms (1)","0.17%","",""
"Did the training materials (presentations, videos, handouts) effectively cover the necessary information?","did_the_training_materials__presentations__videos__handouts__effectively_cover_the_necessary_inform","enumeration","","firefly_installation_course_feedback","true","Yes, they covered everything comprehensively; Yes, but some areas could have been improved; No, there were important topics missing","false","false","false","false","false","false","Ollie Bradley","5/31/23","Forms (1)","0.17%","",""
"Did the training meet your expectations in terms of providing knowledge and skills for installing FIREFLY™ products competently?","did_the_training_meet_your_expectations_in_terms_of_providing_knowledge_and_skills_for_installing_f","enumeration","","firefly_installation_course_feedback","true","Yes, it exceeded my expectations; Yes, it met my expectations; No, it fell short of my expectations","false","false","false","false","false","false","Ollie Bradley","5/31/23","Forms (1)","0.17%","",""
"Do you have any suggestions or feedback to help us improve future training sessions?","do_you_have_any_suggestions_or_feedback_to_help_us_improve_future_training_sessions_","string","","firefly_installation_course_feedback","true","","false","false","false","false","false","false","Ollie Bradley","5/31/23","Forms (1)","0.17%","",""
"How likely are you to recommend the FIREFLY™ Training course to others in the industry?","how_likely_are_you_to_recommend_the_firefly__training_course_to_others_in_the_industry_","enumeration","","firefly_installation_course_feedback","true","Very likely; Likely; Neutral; Unlikely; Very unlikely","false","false","false","false","false","false","Ollie Bradley","5/31/23","Forms (1)","0.17%","",""
"How would you rate the clarity and organisation of the training content?","how_would_you_rate_the_clarity_and_organisation_of_the_training_content_","enumeration","","firefly_installation_course_feedback","true","Excellent; Good; Average; Fair; Poor","false","false","false","false","false","false","Ollie Bradley","5/31/23","Forms (1)","0.17%","",""
"Overall, how satisfied were you with the FIREFLY™ Training course?","overall__how_satisfied_were_you_with_the_firefly__training_course_","enumeration","","firefly_installation_course_feedback","true","Very Satisfied; Satisfied; Neutral; Dissatisfied; Very Dissatisfied","false","false","false","false","false","false","Ollie Bradley","5/31/23","Forms (1)","0.17%","",""
"Were the training demonstrations and practical exercises helpful in understanding the installation techniques?","were_the_training_demonstrations_and_practical_exercises_helpful_in_understanding_the_installation_","enumeration","","firefly_installation_course_feedback","true","Extremely helpful; Somewhat helpful; Not very helpful; Not at all helpful","false","false","false","false","false","false","Ollie Bradley","5/31/23","Forms (1)","0.17%","",""
"Were there any topics or areas that you felt needed more in-depth coverage during the training?","were_there_any_topics_or_areas_that_you_felt_needed_more_in_depth_coverage_during_the_training_","string","","firefly_installation_course_feedback","true","","false","false","false","false","false","false","Ollie Bradley","5/31/23","Forms (1)","0.17%","",""
"Would you be interested in attending any advanced or specialised training courses offered by FIREFLY™ in the future?","would_you_be_interested_in_attending_any_advanced_or_specialised_training_courses_offered_by_firefl","enumeration","","firefly_installation_course_feedback","true","Yes; No","false","false","false","false","false","false","Ollie Bradley","5/31/23","Forms (1)","0.17%","",""
"At what centres is the galvanised angle stud fixed in the upper soffit?","at_what_centres_is_the_galvanised_angle_stud_fixed_in_the_upper_soffit_","enumeration","","firefly_installation_quiz","true","150mm; 250mm; 300mm","false","false","false","false","false","false","Ollie Bradley","5/31/23","Forms (1)","8.37%","",""
"At what centres should the staggered staples in a butt joint be spaced?","at_what_centres_should_the_staggered_staples_in_a_butt_joint_be_spaced_","enumeration","","firefly_installation_quiz","true","10mm; 50mm; 100mm; 200mm","false","false","false","false","false","false","Ollie Bradley","5/31/23","Forms (1)","8.37%","",""
"By which method should FIREFLY™ be attached to a suspended ceiling?","by_which_method_should_firefly__be_attached_to_a_suspended_ceiling_","enumeration","","firefly_installation_quiz","true","Adhesive; Screw; 500mm Lap","false","false","false","false","false","false","Ollie Bradley","5/31/23","Forms (1)","8.37%","",""
"Horizontal joint?","horizontal_joint_","enumeration","","firefly_installation_quiz","true","Yes; No","false","false","false","false","false","false","Ollie Bradley","5/31/23","Forms (1)","8.37%","",""
"How much Overlap is required for all perimeters?","how_much_overlap_is_required_for_all_perimeters_","enumeration","","firefly_installation_quiz","true","50mm; 100mm; 150mm","false","false","false","false","false","false","Ollie Bradley","5/31/23","Forms (1)","8.37%","",""
"In a pleat and butt Joint, how close to the edge of the fabric should the last staple be?","in_a_pleat_and_butt_joint__how_close_to_the_edge_of_the_fabric_should_the_last_staple_be_","enumeration","","firefly_installation_quiz","true","75mm; 100mm; 150mm","false","false","false","false","false","false","Ollie Bradley","5/31/23","Forms (1)","8.37%","",""
"Penetration collar?","penetration_collar_","enumeration","","firefly_installation_quiz","true","Yes; No","false","false","false","false","false","false","Ollie Bradley","5/31/23","Forms (1)","8.37%","",""
"Profile roof?","profile_roof_","enumeration","","firefly_installation_quiz","true","Yes; No","false","false","false","false","false","false","Ollie Bradley","5/31/23","Forms (1)","8.37%","",""
"Should FIREFLY™ be fixed around the whole perimeter?","should_firefly__be_fixed_around_the_whole_perimeter_","enumeration","","firefly_installation_quiz","true","Yes; No","false","false","false","false","false","false","Ollie Bradley","5/31/23","Forms (1)","8.37%","",""
"Vertical joint?","vertical_joint_","enumeration","","firefly_installation_quiz","true","Yes; No","false","false","false","false","false","false","Ollie Bradley","5/31/23","Forms (1)","8.37%","",""
"What is the maximum drop for FIREFLY™ unsupported?","what_is_the_maximum_drop_for_firefly__unsupported_","enumeration","","firefly_installation_quiz","true","5; 8; 10; No Limit","false","false","false","false","false","false","Ollie Bradley","5/31/23","Forms (1)","8.37%","",""
"What is the minimum lap required for a vertical joint?","what_is_the_minimum_lap_required_for_a_vertical_joint_","enumeration","","firefly_installation_quiz","true","25mm; 50mm; 75mm; 100mm","false","false","false","false","false","false","Ollie Bradley","5/31/23","Forms (1)","8.37%","",""
"What is the minimum penetration requiring a FIREFLY™ collar?","what_is_the_minimum_penetration_requiring_a_firefly__collar_","enumeration","","firefly_installation_quiz","true","10mm; 12mm; 16mm; 20mm","false","false","false","false","false","false","Ollie Bradley","5/31/23","Forms (1)","8.37%","",""
"First Closed Order ID","hs_first_closed_order_id","number","The id of the associated order that was first to be closed","order_information","false","","true","true","false","false","false","true","HubSpot","Not applicable","","0%","",""
"First Order Closed Date","hs_first_order_closed_date","datetime","Date first order was closed. Set Automatically","order_information","false","","true","true","false","false","false","true","HubSpot","Not applicable","","0%","",""
"Recent Closed Order Date","hs_recent_closed_order_date","datetime","Date last order was closed. Set automatically.","order_information","false","","true","true","false","false","false","true","HubSpot","Not applicable","","0%","",""
"Prospecting Agent Enrollment Status","hs_prospecting_agent_enrollment_status","enumeration","","prospecting_agent_information","false","Ready for Review (READY_FOR_REVIEW); In Progress (IN_PROGRESS); Researching (RESEARCHING); Queued (QUEUED); Errored (ERRORED); Finished (FINISHED); Unenrolled (UNENROLLED)","true","true","false","false","false","true","HubSpot","Not applicable","","0%","",""
"Prospecting Agent Sender","hs_prospecting_agent_sender","enumeration","","prospecting_agent_information","false","","true","true","false","true","false","true","HubSpot","Not applicable","","0%","",""
"Why This Contact","hs_why_this_contact","string","","prospecting_agent_information","false","","true","true","false","false","false","true","HubSpot","Not applicable","","0%","",""
"Contact unworked","hs_is_unworked","bool","Contact  has  not  been  assigned  or  has  not  been  engaged  after  last  owner  assignment/re-assignment","sales_properties","false","True (true); False (false)","true","true","false","false","false","true","HubSpot","Not applicable","","100%","",""
"Lead Status","hs_lead_status","enumeration","The contact's sales, prospecting or outreach status","sales_properties","true","New (NEW); Open (OPEN); In Progress (IN_PROGRESS); Open Deal (OPEN_DEAL); Unqualified (UNQUALIFIED); Attempted to Contact (ATTEMPTED_TO_CONTACT); Connected (CONNECTED); Bad Timing (BAD_TIMING)","false","true","false","false","false","true","HubSpot","Not applicable","Workflows (1); Create record forms (1); Views (18)","1.14%","",""
"Owner assigned date","hubspot_owner_assigneddate","datetime","The most recent timestamp of when an owner was assigned to this record. This value is set automatically by HubSpot.","sales_properties","false","","true","true","false","false","false","true","HubSpot","Not applicable","","85.55%","",""
"Contact owner","hubspot_owner_id","enumeration","The owner of a contact. This can be any HubSpot user or Salesforce integration user, and can be set manually or via Workflows.","sales_properties","false","","false","true","false","true","false","true","HubSpot","Not applicable","Lists (1); Workflows (8); Create record forms (1); Reports (14); Views (34); Dashboards (1); Property cards (1)","85.55%","",""
"HubSpot Team","hubspot_team_id","enumeration","The team of the owner of a contact.","sales_properties","false","","true","true","false","true","false","true","HubSpot","Not applicable","","81.29%","",""
"HubSpot Score","hubspotscore","number","The number that shows qualification of contacts to sales readiness. It can be set in HubSpot's Lead Scoring app.","sales_properties","false","","true","true","false","false","false","true","HubSpot","Not applicable","","0%","",""
"Site Location","site_location","enumeration","","sales_properties","true","Ireland; Midlands; North; North East (Incl. Carlisle; Northern Ireland; South; Specification","false","false","false","false","false","false","Chris Boam","4/30/25","Forms (1)","0%","",""
"LinkedIn URL","hs_linkedin_url","string","The URL of the contact's LinkedIn page.","socialmediainformation","true","","false","false","false","false","false","true","HubSpot","Not applicable","","15.66%","",""
